Loan ID,Borrower ID,Loan Purpose,Loan Type,Original Loan Amount,Currency,Original Loan Term (in Months),Loan Start Date,Loan Maturity Date,Original Interest Rate Type,Current Interest Rate Type,Base Rate Type,Original Base Rate,Margin,Current Base Rate,Current Nominal Rate,Reversion Date,Principal Balance,Overdue Amount,Total Amount Outstanding,Days past Due,Payment Frequency,Loan To Today,Original Rate Period,Original Rate
70665,237070,Owner,IO,"26,000",GBP,180,23/01/2007,22/01/2022,Fixed,Variable,BoE Base,5.13%,3.50%,0.50%,4.00%,23/01/2012,"26,000",   -   ,"26,000",   -   , Quarterly ,179,60,8.63%
70670,237070,BTL,IO,"102,000",GBP,240,11/07/2003,10/07/2023,Tracker,Variable,BoE Base,3.69%,4.40%,0.50%,4.90%,11/07/2008,"102,000",   -   ,"102,000",   -   , Monthly ,239,60,8.09%
70675,237100,Owner,P&I,"59,000",GBP,300,31/10/2003,30/10/2099,Fixed,Variable,BoE Base,3.42%,3.60%,0.50%,4.10%,31/10/2008,"46,395",   -   ,"46,395",   -   , Monthly ,1151,60,7.02%
70680,226575,Owner,IO,"68,000",GBP,180,25/01/2011,24/01/2026,Variable,Variable,LIBOR3,0.56%,2.40%,0.52%,2.92%,n/a,"68,000",   -   ,"68,000",   -   , Quarterly ,179,60,2.96%
70685,237145,Owner,IO,"55,000",GBP,240,03/04/2007,02/04/2027,Tracker,Tracker,BoE Base,5.35%,1.50%,0.50%,2.00%,n/a,"55,000",   -   ,"55,000",   -   , Monthly ,239,60,6.85%
70690,237190,Owner,IO,"93,000",GBP,300,06/03/2002,05/03/2027,Tracker,Tracker,BoE Base,4.07%,2.90%,0.50%,3.40%,n/a,"93,000",   -   ,"93,000",   -   , Quarterly ,299,60,6.97%
70695,237145,BTL,IO,"52,000",GBP,180,26/01/2000,25/01/2015,Tracker,Variable,BoE Base,5.62%,4.10%,0.50%,4.60%,26/01/2005,"52,000",   -   ,"52,000",   -   , Monthly ,179,60,9.72%
70700,224390,Owner,P&I,"12,000",GBP,180,14/04/2007,13/04/2022,Tracker,Variable,BoE Base,5.35%,4.20%,0.50%,4.70%,14/04/2012,"8,857",   -   ,"8,857",   -   , Monthly ,179,60,9.55%
70705,237230,Owner,IO,"53,000",GBP,180,20/11/2009,19/11/2024,Variable,Variable,LIBOR6,0.51%,3.00%,0.63%,3.63%,n/a,"53,000",   -   ,"53,000",   -   , Monthly ,179,60,3.51%
70710,237355,Owner,P&I,"45,000",GBP,300,21/01/2013,20/01/2038,Variable,Variable,LIBOR6,0.48%,1.50%,0.63%,2.13%,n/a,"43,390",   -   ,"43,390",   -   , Monthly ,299,60,1.98%
70715,237380,Owner,IO,"81,000",GBP,240,16/04/2011,15/04/2031,Fixed,Fixed,LIBOR3,0.56%,2.40%,0.56%,2.96%,16/04/2016,"81,000",   -   ,"81,000",   -   , Quarterly ,239,60,2.96%
70720,237425,Owner,IO,"86,000",GBP,300,02/03/2010,01/03/2035,Tracker,Tracker,BoE Base,0.52%,3.70%,0.50%,4.20%,n/a,"86,000",   -   ,"86,000",   -   , Monthly ,299,60,4.22%
70725,237420,Owner,IO,"76,000",GBP,180,23/07/2007,22/07/2022,Variable,Variable,LIBOR6,5.65%,1.80%,0.63%,2.43%,n/a,"76,000",   -   ,"76,000",   -   , Monthly ,179,60,7.45%
70730,237665,Owner,P&I,"55,000",GBP,240,17/06/1998,16/06/2018,Variable,Variable,LIBOR3,7.07%,2.50%,0.52%,3.02%,n/a,"22,163",   -   ,"22,163",   -   , Monthly ,239,60,9.57%
70735,214840,Owner,P&I,"89,000",GBP,300,30/09/2005,29/09/2030,Variable,Variable,LIBOR6,4.62%,4.40%,0.63%,5.03%,n/a,"89,242",   -   ,"89,242",   -   , Quarterly ,299,60,9.02%
70740,237455,Owner,P&I,"50,000",GBP,240,10/06/2003,09/06/2023,Variable,Variable,LIBOR3,3.72%,1.60%,0.52%,2.12%,n/a,"29,888",   -   ,"29,888",   -   , Monthly ,239,60,5.32%
70745,237455,BTL,IO,"57,000",GBP,180,16/07/2009,15/07/2024,Fixed,Fixed,BoE Base,0.55%,2.30%,0.55%,2.85%,16/07/2014,"57,000",   -   ,"57,000",   -   , Quarterly ,179,60,2.85%
70750,237490,Owner,IO,"31,000",GBP,240,19/09/2004,18/09/2024,Variable,Variable,LIBOR3,4.69%,2.60%,0.52%,3.12%,n/a,"31,000",   -   ,"31,000",   -   , Monthly ,239,60,7.29%
70755,237490,BTL,IO,"31,000",GBP,300,26/09/2007,25/09/2032,Fixed,Variable,LIBOR6,6.02%,2.30%,0.63%,2.93%,26/09/2012,"31,000",   -   ,"31,000",   -   , Monthly ,299,60,8.32%
70760,237525,Owner,P&I,"55,000",GBP,300,20/03/2008,19/03/2033,Variable,Variable,BoE Base,5.37%,4.60%,0.50%,5.10%,n/a,"50,638",   -   ,"50,638",   -   , Quarterly ,299,60,9.97%
70765,237525,BTL,IO,"27,000",GBP,180,22/11/2008,21/11/2023,Fixed,Variable,LIBOR6,5.06%,2.00%,0.63%,2.63%,22/11/2013,"27,000",   -   ,"27,000",   -   , Monthly ,179,60,7.06%
70770,237540,Owner,P&I,"77,000",GBP,240,12/08/2004,11/08/2024,Tracker,Variable,BoE Base,4.52%,4.00%,0.50%,4.50%,12/08/2009,"55,640",   -   ,"55,640",   -   , Monthly ,239,60,8.52%
70775,237645,Owner,P&I,"55,000",GBP,240,10/12/2012,09/12/2032,Fixed,Fixed,BoE Base,0.48%,4.40%,0.48%,4.88%,10/12/2017,"54,908",   -   ,"54,908",   -   , Quarterly ,239,60,4.88%
70780,228710,Owner,IO,"64,000",GBP,240,14/12/1997,13/12/2017,Tracker,Tracker,BoE Base,7.07%,1.80%,0.50%,2.30%,n/a,"64,000",   -   ,"64,000",   -   , Quarterly ,239,60,8.87%
70785,203715,Owner,P&I,"51,000",GBP,180,13/07/2000,12/07/2015,Fixed,Variable,LIBOR6,6.31%,3.20%,0.63%,3.83%,13/07/2003,"50,818",   -   ,"50,818",   -   , Monthly ,179,60,9.51%
70790,237895,Owner,P&I,"70,000",GBP,180,20/11/2005,19/11/2020,Fixed,Variable,LIBOR6,4.48%,1.50%,0.63%,2.13%,20/11/2010,"69,906",   -   ,"69,906",   -   , Monthly ,179,60,5.98%
70795,201485,Owner,P&I,"70,000",GBP,240,05/10/2002,04/10/2022,Variable,Variable,LIBOR6,3.94%,2.80%,0.63%,3.43%,n/a,"42,413",   -   ,"42,413",   -   , Monthly ,239,60,6.74%
70800,237860,Owner,P&I,"46,000",GBP,240,26/03/2004,25/03/2024,Tracker,Variable,BoE Base,4.19%,4.70%,0.50%,5.20%,26/03/2009,"45,860",   -   ,"45,860",   -   , Monthly ,239,60,8.89%
70805,238010,Owner,IO,"50,000",GBP,240,02/03/2011,01/03/2031,Variable,Variable,LIBOR3,0.56%,4.90%,0.52%,5.42%,n/a,"50,000",   -   ,"50,000",   -   , Monthly ,239,60,5.46%
70810,237960,Owner,IO,"99,000",GBP,300,04/08/2006,03/08/2031,Fixed,Variable,LIBOR3,4.60%,3.30%,0.52%,3.82%,04/08/2011,"99,000",   -   ,"99,000",   -   , Monthly ,299,60,7.90%
70815,214710,Owner,P&I,"119,000",GBP,300,04/11/1997,03/11/2022,Tracker,Variable,BoE Base,7.07%,2.60%,0.50%,3.10%,04/11/2002,"74,748",   -   ,"74,748",   -   , Monthly ,299,60,9.67%
70820,222260,Owner,P&I,"37,000",GBP,300,23/10/2006,22/10/2031,Fixed,Variable,LIBOR6,4.84%,3.30%,0.63%,3.93%,23/10/2011,"37,184",   -   ,"37,184",   -   , Monthly ,299,60,8.14%
70825,238110,Owner,P&I,"33,000",GBP,180,04/03/2009,03/03/2024,Tracker,Tracker,BoE Base,1.13%,4.90%,0.50%,5.40%,04/03/2014,"25,781",   -   ,"25,781",   -   , Monthly ,179,60,6.03%
70830,238110,BTL,IO,"33,000",GBP,240,18/10/2007,17/10/2027,Tracker,Tracker,BoE Base,5.93%,3.00%,0.50%,3.50%,n/a,"33,000",   -   ,"33,000",   -   , Monthly ,239,60,8.93%
70835,238135,Owner,IO,"97,000",GBP,300,14/05/2002,13/05/2027,Tracker,Variable,BoE Base,3.72%,3.60%,0.50%,4.10%,14/05/2007,"97,000",   -   ,"97,000",   -   , Quarterly ,299,60,7.32%
70840,238135,BTL,IO,"82,000",GBP,240,22/01/1998,21/01/2018,Tracker,Variable,BoE Base,7.07%,4.80%,0.50%,5.30%,22/01/2003,"82,000",   -   ,"82,000",   -   , Monthly ,239,60,11.87%
70845,210850,Owner,P&I,"30,000",GBP,300,29/12/2005,28/12/2030,Tracker,Variable,BoE Base,4.60%,2.40%,0.50%,2.90%,29/12/2010,"29,747",   -   ,"29,747",   -   , Monthly ,299,60,7.00%
70850,200910,Owner,P&I,"32,000",GBP,240,14/08/2008,13/08/2028,Variable,Variable,LIBOR6,5.07%,3.90%,0.63%,4.53%,n/a,"28,059",   -   ,"28,059",   -   , Quarterly ,239,60,8.97%
70855,238360,Owner,P&I,"37,000",GBP,240,01/06/2007,31/05/2027,Variable,Variable,BoE Base,5.52%,4.30%,0.50%,4.80%,n/a,"31,487",   -   ,"31,487",   -   , Quarterly ,239,60,9.82%
70860,238500,Owner,IO,"38,000",GBP,240,06/11/1999,05/11/2019,Fixed,Variable,LIBOR3,5.62%,3.90%,0.52%,4.42%,06/11/2004,"38,000",   -   ,"38,000",   -   , Monthly ,239,60,9.52%
70865,238500,BTL,IO,"62,000",GBP,300,26/08/1997,25/08/2022,Variable,Variable,LIBOR3,7.07%,4.50%,0.52%,5.02%,n/a,"62,000",   -   ,"62,000",   -   , Monthly ,299,60,11.57%
70870,203715,BTL,IO,"62,000",GBP,300,02/02/2013,01/02/2038,Tracker,Tracker,BoE Base,0.48%,3.30%,0.50%,3.80%,n/a,"62,000",   -   ,"62,000",   -   , Monthly ,299,60,3.78%
70875,238045,Owner,P&I,"77,000",GBP,300,13/09/2008,12/09/2033,Tracker,Variable,BoE Base,5.05%,3.90%,0.50%,4.40%,13/09/2013,"70,783",   -   ,"70,783",   -   , Monthly ,299,60,8.95%
70880,238500,BTL,IO,"47,000",GBP,180,10/08/2006,09/08/2021,Tracker,Variable,BoE Base,4.60%,3.30%,0.50%,3.80%,10/08/2011,"47,000",   -   ,"47,000",   -   , Quarterly ,179,60,7.90%
70885,238600,Owner,IO,"63,000",GBP,240,02/08/2007,01/08/2027,Tracker,Tracker,BoE Base,5.92%,2.20%,0.50%,2.70%,n/a,"63,000",   -   ,"63,000",   -   , Monthly ,239,60,8.12%
70890,238650,Owner,P&I,"42,000",GBP,180,28/02/2006,27/02/2021,Tracker,Tracker,BoE Base,4.47%,2.30%,0.50%,2.80%,n/a,"25,473",   -   ,"25,473",   -   , Monthly ,179,60,6.77%
70895,221150,Owner,P&I,"17,000",GBP,240,09/08/2007,08/08/2027,Variable,Variable,BoE Base,5.92%,1.90%,0.50%,2.40%,n/a,"14,307",   -   ,"14,307",   -   , Monthly ,239,60,7.82%
70900,238735,Owner,IO,"16,000",GBP,300,27/10/2004,26/10/2029,Variable,Variable,LIBOR6,4.81%,2.60%,0.63%,3.23%,n/a,"16,000",   -   ,"16,000",   -   , Quarterly ,299,60,7.41%
70905,238825,Owner,P&I,"43,000",GBP,240,25/07/2002,24/07/2022,Fixed,Variable,LIBOR6,3.56%,5.00%,0.63%,5.63%,25/07/2007,"43,381","47,231","47,231",351, Quarterly ,239,60,8.56%
70910,239115,Owner,P&I,"74,000",GBP,180,19/02/2000,18/02/2015,Variable,Variable,LIBOR6,5.62%,2.20%,0.63%,2.83%,n/a,"9,887",   -   ,"9,887",   -   , Quarterly ,179,60,7.82%
70915,239055,Owner,P&I,"90,000",GBP,240,29/01/2003,28/01/2023,Fixed,Variable,LIBOR3,4.36%,4.80%,0.52%,5.32%,29/01/2008,"60,671",   -   ,"60,671",   -   , Monthly ,239,60,9.16%
70920,237720,Owner,P&I,"72,000",GBP,180,24/11/1999,23/11/2014,Variable,Variable,LIBOR3,5.62%,5.00%,0.52%,5.52%,n/a,"8,990",   -   ,"8,990",   -   , Quarterly ,179,60,10.62%
70925,239200,Owner,IO,"27,000",GBP,180,04/08/2010,03/08/2025,Variable,Variable,LIBOR3,0.55%,3.30%,0.52%,3.82%,n/a,"27,000",   -   ,"27,000",   -   , Monthly ,179,60,3.85%
70930,239200,BTL,IO,"87,000",GBP,240,14/11/2012,13/11/2032,Tracker,Tracker,BoE Base,0.49%,2.00%,0.50%,2.50%,14/11/2017,"87,000",   -   ,"87,000",   -   , Monthly ,239,60,2.49%
70935,239300,Owner,P&I,"52,000",GBP,180,18/12/2013,17/12/2028,Variable,Variable,LIBOR3,0.47%,4.80%,0.52%,5.32%,n/a,"52,058",   -   ,"52,058",   -   , Monthly ,179,60,5.27%
70940,239355,Owner,P&I,"92,000",GBP,300,06/03/2004,05/03/2029,Tracker,Tracker,BoE Base,4.19%,4.00%,0.50%,4.50%,n/a,"74,544",   -   ,"74,544",   -   , Monthly ,299,60,8.19%
70945,210960,Owner,IO,"55,000",GBP,240,20/04/2006,19/04/2026,Fixed,Variable,BoE Base,4.59%,4.00%,0.50%,4.50%,20/04/2011,"55,000",   -   ,"55,000",   -   , Monthly ,239,60,8.59%
70950,201475,Owner,IO,"39,000",GBP,180,07/08/2006,06/08/2021,Fixed,Variable,LIBOR6,4.60%,2.60%,0.63%,3.23%,07/08/2011,"39,000",   -   ,"39,000",   -   , Quarterly ,179,60,7.20%
70955,239390,Owner,P&I,"53,000",GBP,240,27/07/2003,26/07/2023,Fixed,Variable,LIBOR3,3.69%,1.70%,0.52%,2.22%,27/07/2008,"32,648",   -   ,"32,648",   -   , Monthly ,239,60,5.39%
70960,239525,Owner,P&I,"25,000",GBP,180,28/02/2013,27/02/2028,Tracker,Tracker,BoE Base,0.48%,1.80%,0.50%,2.30%,n/a,"23,696",   -   ,"23,696",   -   , Quarterly ,179,60,2.28%
70965,239595,Owner,IO,"87,000",GBP,300,20/11/2010,19/11/2035,Fixed,Fixed,LIBOR6,0.55%,4.40%,0.55%,4.95%,20/11/2015,"87,000",   -   ,"87,000",   -   , Monthly ,299,60,4.95%
70970,239655,Owner,P&I,"69,000",GBP,240,25/09/2004,24/09/2024,Variable,Variable,LIBOR3,4.69%,2.30%,0.52%,2.82%,n/a,"48,645",   -   ,"48,645",   -   , Monthly ,239,60,6.99%
70975,239655,BTL,IO,"92,000",GBP,180,15/06/2000,14/06/2015,Fixed,Variable,LIBOR6,5.62%,5.00%,0.63%,5.63%,15/06/2005,"92,000","2,321","93,660",121, Monthly ,179,60,10.62%
70980,239675,Owner,IO,"50,000",GBP,300,16/11/2002,15/11/2027,Fixed,Variable,LIBOR6,4.08%,1.80%,0.63%,2.43%,16/11/2007,"50,000",   -   ,"50,000",   -   , Quarterly ,299,60,5.88%
70985,239735,Owner,P&I,"64,000",GBP,180,09/10/2006,08/10/2021,Variable,Variable,BoE Base,4.84%,3.30%,0.50%,3.80%,n/a,"42,272",   -   ,"42,272",   -   , Monthly ,179,60,8.14%
70990,200915,Owner,P&I,"74,000",GBP,180,13/12/2009,12/12/2024,Tracker,Tracker,BoE Base,0.50%,3.30%,0.50%,3.80%,13/12/2014,"58,291",   -   ,"58,291",   -   , Monthly ,179,60,3.80%
70995,239755,Owner,P&I,"89,000",GBP,240,20/11/2007,19/11/2027,Variable,Variable,LIBOR3,5.83%,4.40%,0.52%,4.92%,n/a,"77,305",   -   ,"77,305",   -   , Quarterly ,239,60,10.23%
71000,237605,Owner,IO,"114,000",GBP,300,25/07/2001,24/07/2026,Fixed,Variable,LIBOR6,4.83%,3.10%,0.63%,3.73%,25/07/2006,"114,000",   -   ,"114,000",   -   , Monthly ,299,60,7.93%
71005,239790,Owner,P&I,"24,000",GBP,180,10/06/2002,09/06/2017,Variable,Variable,BoE Base,4.00%,1.80%,0.50%,2.30%,n/a,"23,705",   -   ,"23,705",   -   , Monthly ,179,60,5.80%
71010,239925,Owner,IO,"56,000",GBP,300,30/04/2007,29/04/2032,Tracker,Tracker,BoE Base,5.34%,1.90%,0.50%,2.40%,n/a,"56,000",   -   ,"56,000",   -   , Monthly ,299,60,7.24%
71015,239980,Owner,P&I,"38,000",GBP,180,18/03/2004,17/03/2019,Variable,Variable,LIBOR3,4.19%,5.00%,0.52%,5.52%,n/a,"19,604",   -   ,"19,604",   -   , Quarterly ,179,60,9.19%
71020,216940,Owner,IO,"62,000",GBP,180,06/04/2013,05/04/2028,Tracker,Tracker,BoE Base,0.48%,3.20%,0.50%,3.70%,06/04/2018,"62,000",   -   ,"62,000",   -   , Monthly ,179,60,3.68%
71025,240100,Owner,P&I,"26,000",GBP,180,20/10/2010,19/10/2025,Variable,Variable,BoE Base,0.55%,2.30%,0.50%,2.80%,n/a,"21,495",   -   ,"21,495",   -   , Monthly ,179,60,2.85%
71030,240100,BTL,IO,"48,000",GBP,240,09/02/2001,08/02/2021,Variable,Variable,LIBOR3,5.93%,4.20%,0.52%,4.72%,n/a,"48,000",   -   ,"48,000",   -   , Monthly ,239,60,10.13%
71035,240135,Owner,IO,"74,000",GBP,240,17/10/2013,16/10/2033,Fixed,Fixed,LIBOR6,0.48%,4.90%,0.48%,5.38%,17/10/2018,"74,000",   -   ,"74,000",   -   , Monthly ,239,60,5.38%
71040,230210,Owner,IO,"55,000",GBP,300,13/04/2009,12/04/2034,Variable,Variable,LIBOR3,0.71%,4.60%,0.52%,5.12%,n/a,"55,000","59,231","59,231",423, Monthly ,299,60,5.31%
71045,240135,BTL,IO,"64,000",GBP,180,19/07/1999,18/07/2014,Tracker,Variable,BoE Base,5.62%,2.20%,0.50%,2.70%,19/07/2002,"64,000",   -   ,"64,000",   -   , Monthly ,179,60,7.82%
71050,240220,Owner,P&I,"72,000",GBP,300,10/02/2012,09/02/2037,Variable,Variable,BoE Base,0.58%,2.40%,0.50%,2.90%,n/a,"68,068",   -   ,"68,068",   -   , Monthly ,299,60,2.98%
71055,240250,Owner,P&I,"45,000",GBP,240,13/03/2013,12/03/2033,Tracker,Tracker,BoE Base,0.48%,3.90%,0.50%,4.40%,13/03/2018,"43,398",   -   ,"43,398",   -   , Quarterly ,239,60,4.38%
71060,240565,Owner,P&I,"47,000",GBP,300,13/12/2001,12/12/2026,Fixed,Variable,LIBOR6,3.62%,3.60%,0.63%,4.23%,13/12/2006,"34,093",   -   ,"34,093",   -   , Monthly ,299,60,7.22%
71065,232655,Owner,P&I,"12,000",GBP,300,09/10/2003,08/10/2028,Tracker,Variable,BoE Base,3.57%,3.80%,0.50%,4.30%,09/10/2008,"12,395",   -   ,"12,395",   -   , Monthly ,299,60,7.37%
71070,239700,Owner,P&I,"27,000",GBP,240,27/04/2004,00/01/1900,Variable,Variable,LIBOR3,4.00%,2.00%,0.52%,2.52%,n/a,"27,293",   -   ,"27,293",   -   , Monthly ,#VALUE!,60,6.00%
71075,240660,Owner,IO,"26,000",GBP,300,27/06/2004,26/06/2029,Tracker,Tracker,BoE Base,4.26%,3.20%,0.50%,3.70%,n/a,"26,000",   -   ,"26,000",   -   , Quarterly ,299,60,7.46%
71080,240660,BTL,IO,"60,000",GBP,180,08/11/2013,07/11/2028,Fixed,Fixed,BoE Base,0.47%,4.50%,0.47%,4.97%,08/11/2018,"60,000",   -   ,"60,000",   -   , Monthly ,179,60,4.97%
71085,240675,Owner,P&I,"36,000",GBP,180,10/01/2000,09/01/2015,Tracker,Tracker,BoE Base,5.62%,4.30%,0.50%,4.80%,n/a,"4,698",   -   ,"4,698",   -   , Monthly ,179,60,9.92%
71090,240665,Owner,P&I,"84,000",GBP,240,11/02/2008,10/02/2028,Fixed,Variable,LIBOR6,5.55%,5.00%,0.63%,5.63%,11/02/2013,"73,594",   -   ,"73,594",   -   , Monthly ,239,60,10.55%
71095,244985,Owner,IO,"31,000",GBP,300,07/09/1999,06/09/2024,Tracker,Variable,BoE Base,5.62%,4.00%,0.50%,4.50%,07/09/2004,"31,000",   -   ,"31,000",   -   , Monthly ,299,60,9.62%
71100,211875,Owner,P&I,"59,000",GBP,300,25/09/2003,24/09/2028,Variable,Variable,LIBOR3,3.55%,3.20%,0.52%,3.72%,n/a,"45,893",   -   ,"45,893",   -   , Monthly ,299,60,6.75%
71105,240880,Owner,IO,"55,000",GBP,180,01/10/2012,30/09/2027,Tracker,Tracker,BoE Base,0.50%,2.10%,0.50%,2.60%,01/10/2017,"55,000",   -   ,"55,000",   -   , Quarterly ,179,60,2.60%
71110,240880,BTL,IO,"68,000",GBP,300,02/03/2004,01/03/2029,Tracker,Variable,BoE Base,4.19%,5.00%,0.50%,5.50%,02/03/2009,"68,000",   -   ,"68,000",   -   , Monthly ,299,60,9.19%
71115,240880,BTL,IO,"40,000",GBP,240,14/11/2005,13/11/2025,Fixed,Variable,LIBOR6,4.48%,4.30%,0.63%,4.93%,14/11/2010,"40,000",   -   ,"40,000",   -   , Monthly ,239,60,8.78%
71120,240930,Owner,P&I,"169,000",GBP,180,23/10/2001,22/10/2016,Variable,Variable,LIBOR6,4.97%,4.20%,0.63%,4.83%,n/a,"52,445",   -   ,"52,445",   -   , Monthly ,179,60,9.17%
71125,241035,Owner,P&I,"48,000",GBP,300,05/08/2010,04/08/2035,Tracker,Tracker,BoE Base,0.55%,4.20%,0.50%,4.70%,05/08/2015,"48,339",   -   ,"48,339",   -   , Quarterly ,299,60,4.75%
71130,241035,BTL,IO,"63,000",GBP,240,25/05/2007,24/05/2027,Fixed,Variable,LIBOR6,5.34%,4.90%,0.63%,5.53%,25/05/2012,"63,000","13,254","74,232",258, Monthly ,239,60,10.24%
71135,241070,Owner,P&I,"57,000",GBP,180,01/07/2004,30/06/2019,Tracker,Variable,BoE Base,4.45%,5.00%,0.50%,5.50%,01/07/2009,"30,570",   -   ,"30,570",   -   , Monthly ,179,60,9.45%
71140,241160,Owner,P&I,"92,000",GBP,240,03/02/2012,02/02/2032,Variable,Variable,LIBOR6,0.58%,1.60%,0.63%,2.23%,n/a,"84,720",   -   ,"84,720",   -   , Quarterly ,239,60,2.18%
71145,218400,Owner,P&I,"37,000",GBP,180,12/01/2011,11/01/2026,Variable,Variable,LIBOR3,0.56%,4.90%,0.52%,5.42%,n/a,"31,971",   -   ,"31,971",   -   , Monthly ,179,60,5.46%
71150,241345,Owner,P&I,"104,000",GBP,240,08/02/2009,07/02/2029,Tracker,Tracker,BoE Base,1.63%,3.40%,0.50%,3.90%,08/02/2014,"87,214",   -   ,"87,214",   -   , Monthly ,239,60,5.03%
71155,241345,BTL,IO,"40,000",GBP,300,26/09/2005,25/09/2030,Variable,Variable,LIBOR3,4.63%,4.90%,0.52%,5.42%,n/a,"40,000",   -   ,"40,000",   -   , Monthly ,299,60,9.53%
71160,241345,BTL,IO,"40,000",GBP,180,14/12/2002,13/12/2017,Fixed,Variable,LIBOR6,3.63%,4.30%,0.63%,4.93%,14/12/2007,"40,000",   -   ,"40,000",   -   , Monthly ,179,60,7.93%
71165,240250,BTL,IO,"36,000",GBP,180,09/01/2004,08/01/2019,Variable,Variable,BoE Base,3.85%,2.30%,0.50%,2.80%,n/a,"36,000",   -   ,"36,000",   -   , Monthly ,179,60,6.15%
71170,216350,Owner,P&I,"15,000",GBP,300,10/02/2000,09/02/2025,Tracker,Variable,BoE Base,5.62%,4.90%,0.50%,5.40%,10/02/2005,"10,966",   -   ,"10,966",   -   , Quarterly ,299,60,10.52%
71175,241410,Owner,P&I,"52,000",GBP,180,10/03/2000,09/03/2015,Tracker,Tracker,BoE Base,5.62%,4.10%,0.50%,4.60%,n/a,"52,058",   -   ,"52,058",   -   , Monthly ,179,60,9.72%
71180,241505,Owner,IO,"74,000",GBP,300,11/01/2012,10/01/2037,Tracker,Tracker,BoE Base,0.58%,4.30%,0.50%,4.80%,n/a,"74,000",   -   ,"74,000",   -   , Quarterly ,299,60,4.88%
71185,201675,Owner,P&I,"45,000",GBP,300,21/06/2002,20/06/2027,Tracker,Tracker,BoE Base,4.00%,1.60%,0.50%,2.10%,n/a,"44,621",   -   ,"44,621",   -   , Quarterly ,299,60,5.60%
71190,241615,Owner,P&I,"74,000",GBP,240,03/05/2002,02/05/2022,Tracker,Tracker,BoE Base,3.72%,2.90%,0.50%,3.40%,n/a,"74,368",   -   ,"74,368",   -   , Monthly ,239,60,6.62%
71195,241630,Owner,P&I,"58,000",GBP,300,12/09/2002,11/09/2027,Tracker,Tracker,BoE Base,4.14%,3.00%,0.50%,3.50%,n/a,"43,017",   -   ,"43,017",   -   , Monthly ,299,60,7.14%
71200,241635,Owner,P&I,"27,000",GBP,240,15/02/2007,14/02/2027,Tracker,Tracker,BoE Base,5.26%,1.50%,0.50%,2.00%,n/a,"21,650",   -   ,"21,650",   -   , Quarterly ,239,60,6.76%
71205,241645,Owner,P&I,"69,000",GBP,180,17/02/2007,16/02/2022,Fixed,Variable,BoE Base,5.26%,2.00%,0.50%,2.50%,17/02/2012,"46,492",   -   ,"46,492",   -   , Monthly ,179,60,7.26%
71210,214840,BTL,IO,"117,000",GBP,180,25/10/2004,24/10/2019,Variable,Variable,LIBOR3,4.81%,3.60%,0.52%,4.12%,n/a,"117,000",   -   ,"117,000",   -   , Monthly ,179,60,8.41%
71215,241815,Owner,IO,"118,000",GBP,240,13/04/2008,12/04/2028,Fixed,Variable,LIBOR3,5.39%,4.40%,0.52%,4.92%,13/04/2013,"118,000",   -   ,"118,000",   -   , Monthly ,239,60,9.79%
71220,210960,BTL,IO,"42,000",GBP,180,31/05/2011,30/05/2026,Fixed,Fixed,LIBOR3,0.57%,1.80%,0.57%,2.37%,31/05/2016,"42,000",   -   ,"42,000",   -   , Quarterly ,179,60,2.37%
71225,213740,Owner,IO,"99,000",GBP,180,24/01/2006,23/01/2021,Tracker,Tracker,BoE Base,4.71%,1.90%,0.50%,2.40%,n/a,"99,000",   -   ,"99,000",   -   , Monthly ,179,60,6.61%
71230,242040,Owner,P&I,"50,000",GBP,180,10/10/2000,09/10/2015,Tracker,Variable,BoE Base,6.31%,3.10%,0.50%,3.60%,10/10/2005,"10,290",   -   ,"10,290",   -   , Monthly ,179,60,9.41%
71235,242095,Owner,P&I,"56,000",GBP,240,24/09/2000,23/09/2020,Fixed,Variable,BoE Base,6.31%,3.80%,0.50%,4.30%,24/09/2005,"55,776",   -   ,"55,776",   -   , Quarterly ,239,60,10.11%
71240,242395,Owner,P&I,"21,000",GBP,300,11/05/2005,10/05/2030,Variable,Variable,LIBOR3,4.88%,2.90%,0.52%,3.42%,n/a,"17,609",   -   ,"17,609",   -   , Monthly ,299,60,7.78%
71245,242410,Owner,P&I,"87,000",GBP,240,27/08/2003,26/08/2023,Tracker,Variable,BoE Base,3.38%,4.90%,0.50%,5.40%,27/08/2008,"58,932",   -   ,"58,932",   -   , Monthly ,239,60,8.28%
71250,200215,Owner,P&I,"55,000",GBP,240,22/10/2012,21/10/2032,Variable,Variable,LIBOR6,0.50%,2.60%,0.63%,3.23%,n/a,"52,351",   -   ,"52,351",   -   , Monthly ,239,60,3.10%
71255,242485,Owner,P&I,"37,000",GBP,300,15/07/2004,14/07/2029,Tracker,Tracker,BoE Base,4.45%,3.30%,0.50%,3.80%,n/a,"37,184",   -   ,"37,184",   -   , Quarterly ,299,60,7.75%
71260,242545,Owner,IO,"64,000",GBP,300,06/02/2012,05/02/2037,Tracker,Tracker,BoE Base,0.58%,1.50%,0.50%,2.00%,n/a,"64,000",   -   ,"64,000",   -   , Monthly ,299,60,2.08%
71265,242545,BTL,IO,"46,000",GBP,240,27/10/2010,26/10/2030,Variable,Variable,LIBOR6,0.55%,2.00%,0.63%,2.63%,n/a,"46,000",   -   ,"46,000",   -   , Quarterly ,239,60,2.55%
71270,242710,Owner,IO,"29,000",GBP,300,24/06/2008,23/06/2033,Fixed,Variable,LIBOR6,5.09%,2.40%,0.63%,3.03%,24/06/2013,"29,000",   -   ,"29,000",   -   , Monthly ,299,60,7.49%
71275,242710,BTL,IO,"68,000",GBP,180,09/07/2004,08/07/2019,Fixed,Variable,LIBOR6,4.45%,2.40%,0.63%,3.03%,09/07/2009,"68,000",   -   ,"68,000",   -   , Monthly ,179,60,6.85%
71280,242715,Owner,P&I,"26,000",GBP,240,11/05/2011,10/05/2031,Fixed,Fixed,LIBOR6,0.57%,3.60%,0.57%,4.17%,11/05/2016,"23,446",   -   ,"23,446",   -   , Monthly ,239,60,4.17%
71285,242755,Owner,P&I,"53,000",GBP,240,17/10/2001,16/10/2021,Tracker,Tracker,BoE Base,4.97%,4.20%,0.50%,4.70%,n/a,"53,173",   -   ,"53,173",   -   , Monthly ,239,60,9.17%
71290,242465,Owner,P&I,"61,000",GBP,240,30/11/1998,29/11/2018,Fixed,Variable,LIBOR6,7.36%,3.10%,0.63%,3.73%,30/11/2003,"60,734",   -   ,"60,734",   -   , Monthly ,239,60,10.46%
71295,226510,Owner,P&I,"10,000",GBP,300,22/05/2000,21/05/2025,Fixed,Variable,LIBOR3,5.62%,2.60%,0.52%,3.12%,22/05/2005,"6,899",   -   ,"6,899",   -   , Monthly ,299,60,8.22%
71300,200335,Owner,P&I,"110,000",GBP,300,06/02/2011,05/02/2036,Variable,Variable,BoE Base,0.56%,1.80%,0.50%,2.30%,n/a,"100,622",   -   ,"100,622",   -   , Monthly ,299,60,2.36%
71305,242825,Owner,P&I,"63,000",GBP,300,19/01/1999,18/01/2024,Tracker,Variable,BoE Base,7.36%,3.30%,0.50%,3.80%,19/01/2004,"44,073",   -   ,"44,073",   -   , Quarterly ,299,60,10.66%
71310,242830,Owner,P&I,"104,000",GBP,240,07/08/2007,06/08/2027,Fixed,Variable,LIBOR6,5.92%,2.90%,0.63%,3.53%,07/08/2012,"86,893",   -   ,"86,893",   -   , Monthly ,239,60,8.82%
71315,201025,Owner,P&I,"55,000",GBP,300,09/12/2010,08/12/2035,Variable,Variable,LIBOR6,0.55%,3.00%,0.63%,3.63%,n/a,"50,098",   -   ,"50,098",   -   , Monthly ,299,60,3.55%
71320,242910,Owner,P&I,"55,000",GBP,300,02/07/2003,01/07/2028,Tracker,Variable,BoE Base,3.69%,1.50%,0.50%,2.00%,02/07/2008,"54,537",   -   ,"54,537",   -   , Monthly ,299,60,5.19%
71325,242935,Owner,IO,"29,000",GBP,240,09/04/2006,08/04/2026,Fixed,Variable,LIBOR6,4.59%,2.20%,0.63%,2.83%,09/04/2011,"29,000",   -   ,"29,000",   -   , Quarterly ,239,60,6.79%
71330,239150,Owner,IO,"30,000",GBP,300,02/10/2011,01/10/2012,Tracker,Tracker,BoE Base,0.58%,3.50%,0.50%,4.00%,n/a,"30,000",   -   ,"30,000",   -   , Monthly ,11,60,4.08%
71335,215865,Owner,IO,"45,000",GBP,240,14/09/1999,13/09/2019,Variable,Variable,LIBOR3,5.62%,2.50%,0.52%,3.02%,n/a,"45,000",   -   ,"45,000",   -   , Monthly ,239,60,8.12%
71340,201560,Owner,P&I,"50,000",GBP,180,29/07/2008,28/07/2023,Variable,Variable,LIBOR6,5.09%,3.70%,0.63%,4.33%,n/a,"38,446",   -   ,"38,446",   -   , Monthly ,179,60,8.79%
71345,243230,Owner,P&I,"48,000",GBP,180,08/11/2005,07/11/2020,Fixed,Variable,LIBOR6,4.48%,4.30%,0.63%,4.93%,08/11/2010,"29,883",   -   ,"29,883",   -   , Monthly ,179,60,8.78%
71350,243240,Owner,IO,"35,000",GBP,300,06/02/2009,05/02/2034,Variable,Variable,LIBOR3,1.63%,2.60%,0.52%,3.12%,n/a,"35,000",   -   ,"35,000",   -   , Quarterly ,299,60,4.23%
71355,230580,Owner,IO,"15,000",GBP,300,18/01/2013,17/01/2038,Fixed,Fixed,LIBOR3,0.48%,3.00%,0.48%,3.48%,18/01/2019,"15,000",   -   ,"15,000",   -   , Monthly ,299,60,3.48%
71360,243260,Owner,P&I,"50,000",GBP,240,25/09/2008,24/09/2028,Variable,Variable,LIBOR3,5.05%,4.70%,0.52%,5.22%,n/a,"49,579","55,233","55,233",623, Monthly ,239,60,9.75%
71365,202010,Owner,P&I,"37,000",GBP,300,23/09/1998,22/09/2023,Variable,Variable,LIBOR3,7.36%,2.60%,0.52%,3.12%,n/a,"25,074",   -   ,"25,074",   -   , Quarterly ,299,60,9.96%
71370,201475,BTL,IO,"41,000",GBP,240,16/12/2011,15/12/2031,Tracker,Tracker,BoE Base,0.58%,3.10%,0.50%,3.60%,16/12/2016,"41,000",   -   ,"41,000",   -   , Monthly ,239,60,3.68%
71375,242755,BTL,IO,"17,000",GBP,300,07/11/2002,06/11/2027,Tracker,Tracker,BoE Base,4.08%,3.80%,0.50%,4.30%,n/a,"17,000",   -   ,"17,000",   -   , Monthly ,299,60,7.88%
71380,243525,Owner,P&I,"72,000",GBP,240,18/01/2005,17/01/2025,Variable,Variable,LIBOR3,4.83%,3.00%,0.52%,3.52%,n/a,"52,581",   -   ,"52,581",   -   , Quarterly ,239,60,7.83%
71385,232430,Owner,P&I,"22,000",GBP,240,14/11/2010,13/11/2030,Fixed,Fixed,LIBOR6,0.55%,3.50%,0.55%,4.05%,14/11/2015,"19,864",   -   ,"19,864",   -   , Monthly ,239,60,4.05%
71390,202010,BTL,IO,"37,000",GBP,240,27/01/2011,26/01/2031,Fixed,Fixed,LIBOR3,0.56%,4.50%,0.56%,5.06%,27/01/2016,"37,000",   -   ,"37,000",   -   , Monthly ,239,60,5.06%
71395,211555,Owner,P&I,"14,000",GBP,240,29/04/2009,28/04/2029,Fixed,Fixed,LIBOR3,0.71%,4.40%,0.71%,5.11%,29/04/2014,"11,623",   -   ,"11,623",   -   , Monthly ,239,60,5.11%
71400,216350,BTL,IO,"6,000",GBP,180,15/03/2012,14/03/2027,Fixed,Fixed,LIBOR3,0.56%,4.90%,0.56%,5.46%,15/03/2017,"6,000",   -   ,"6,000",   -   , Monthly ,179,60,5.46%
71405,243525,BTL,IO,"43,000",GBP,300,20/08/2011,19/08/2036,Tracker,Tracker,BoE Base,0.57%,4.10%,0.50%,4.60%,n/a,"43,000",   -   ,"43,000",   -   , Monthly ,299,60,4.67%
71410,243165,Owner,P&I,"38,000",GBP,240,28/07/2008,27/07/2028,Fixed,Variable,LIBOR3,5.09%,1.90%,0.52%,2.42%,28/07/2013,"32,107",   -   ,"32,107",   -   , Monthly ,239,60,6.99%
71415,225475,Owner,P&I,"12,000",GBP,300,02/08/2006,01/08/2031,Fixed,Variable,LIBOR3,4.60%,4.30%,0.52%,4.82%,02/08/2011,"10,925",   -   ,"10,925",   -   , Quarterly ,299,60,8.90%
71420,240135,BTL,IO,"89,000",GBP,300,13/02/2001,12/02/2026,Variable,Variable,BoE Base,5.93%,3.50%,0.50%,4.00%,n/a,"89,000",   -   ,"89,000",   -   , Quarterly ,299,60,9.43%
71425,220360,Owner,IO,"19,000",GBP,300,18/12/2007,17/12/2032,Tracker,Variable,BoE Base,5.84%,3.60%,0.50%,4.10%,18/12/2012,"19,000",   -   ,"19,000",   -   , Monthly ,299,60,9.44%
71430,243880,Owner,P&I,"15,000",GBP,240,22/05/2006,21/05/2026,Tracker,Tracker,BoE Base,4.55%,3.70%,0.50%,4.20%,n/a,"12,001",   -   ,"12,001",   -   , Monthly ,239,60,8.25%
71435,243880,BTL,IO,"28,000",GBP,300,26/10/2013,25/10/2038,Fixed,Fixed,LIBOR3,0.48%,3.40%,0.48%,3.88%,26/10/2018,"28,000",   -   ,"28,000",   -   , Quarterly ,299,60,3.88%
71440,230210,BTL,IO,"4,000",GBP,180,08/12/2001,07/12/2016,Tracker,Tracker,BoE Base,3.62%,3.10%,0.50%,3.60%,n/a,"4,000",   -   ,"4,000",   -   , Monthly ,179,60,6.72%
71445,243875,Owner,IO,"76,000",GBP,180,19/07/2000,18/07/2015,Variable,Variable,BoE Base,6.31%,3.00%,0.50%,3.50%,n/a,"76,000",   -   ,"76,000",   -   , Monthly ,179,60,9.31%
71450,243915,Owner,P&I,"99,000",GBP,300,17/10/1998,16/10/2023,Tracker,Variable,BoE Base,7.36%,2.90%,0.50%,3.40%,17/10/2003,"67,571",   -   ,"67,571",   -   , Monthly ,299,60,10.26%
71455,243880,BTL,IO,"87,000",GBP,180,11/06/2011,10/06/2026,Variable,Variable,LIBOR6,0.57%,1.50%,0.63%,2.13%,n/a,"87,000",   -   ,"87,000",   -   , Monthly ,179,60,2.07%
71460,243950,Owner,P&I,"42,000",GBP,180,22/02/2000,21/02/2015,Fixed,Variable,BoE Base,5.62%,2.70%,0.50%,3.20%,22/02/2005,"5,704",   -   ,"5,704",   -   , Monthly ,179,60,8.32%
71465,244040,Owner,P&I,"92,000",GBP,240,01/10/2012,30/09/2032,Fixed,Fixed,LIBOR6,0.50%,2.20%,0.50%,2.70%,01/10/2017,"91,721",   -   ,"91,721",   -   , Monthly ,239,60,2.70%
71470,243915,BTL,IO,"42,000",GBP,240,16/07/1997,15/07/2017,Tracker,Tracker,BoE Base,7.07%,4.10%,0.50%,4.60%,n/a,"42,000",   -   ,"42,000",   -   , Quarterly ,239,60,11.17%
71475,244060,Owner,P&I,"74,000",GBP,180,27/01/2011,26/01/2026,Variable,Variable,LIBOR3,0.56%,4.90%,0.52%,5.42%,n/a,"64,254",   -   ,"64,254",   -   , Quarterly ,179,60,5.46%
71480,244165,Owner,IO,"50,000",GBP,300,19/10/2004,18/10/2029,Variable,Variable,LIBOR6,4.81%,3.60%,0.63%,4.23%,n/a,"50,000",   -   ,"50,000",   -   , Monthly ,299,60,8.41%
71485,244165,BTL,IO,"83,000",GBP,240,24/05/2000,23/05/2020,Fixed,Variable,LIBOR3,5.62%,5.00%,0.52%,5.52%,24/05/2005,"83,000",502,"83,375",43, Monthly ,239,60,10.62%
71490,244175,Owner,P&I,"55,000",GBP,180,02/09/2000,01/09/2015,Fixed,Variable,BoE Base,6.31%,4.00%,0.50%,4.50%,02/09/2005,"54,537",   -   ,"54,537",   -   , Monthly ,179,60,10.31%
71495,201475,BTL,IO,"53,000",GBP,300,08/10/2010,07/10/2035,Tracker,Tracker,BoE Base,0.55%,2.30%,0.50%,2.80%,08/10/2015,"53,000",   -   ,"53,000",   -   , Monthly ,299,60,2.85%
71500,244460,Owner,P&I,"34,000",GBP,300,29/10/2006,28/10/2031,Fixed,Variable,LIBOR3,4.84%,4.10%,0.52%,4.62%,29/10/2011,"30,347",   -   ,"30,347",   -   , Quarterly ,299,60,8.94%
71505,242755,BTL,IO,"44,000",GBP,180,20/02/2008,19/02/2023,Tracker,Tracker,BoE Base,5.55%,2.70%,0.50%,3.20%,n/a,"44,000",   -   ,"44,000",   -   , Quarterly ,179,60,8.25%
71510,241380,Owner,IO,"115,000",GBP,180,04/12/2000,03/12/2015,Variable,Variable,LIBOR3,6.31%,2.00%,0.52%,2.52%,n/a,"115,000",   -   ,"115,000",   -   , Quarterly ,179,60,8.31%
71515,244530,Owner,IO,"99,000",GBP,300,26/08/2007,25/08/2038,Fixed,Variable,LIBOR3,5.92%,3.40%,0.52%,3.92%,26/08/2012,"99,000",   -   ,"99,000",   -   , Monthly ,371,60,9.32%
71520,244520,Owner,P&I,"117,000",GBP,240,19/07/2009,18/07/2029,Variable,Variable,BoE Base,0.55%,4.10%,0.50%,4.60%,n/a,"99,162",   -   ,"99,162",   -   , Monthly ,239,60,4.65%
71525,244520,BTL,IO,"72,000",GBP,180,28/07/2002,27/07/2017,Tracker,Variable,BoE Base,3.56%,3.90%,0.50%,4.40%,28/07/2007,"72,000",   -   ,"72,000",   -   , Monthly ,179,60,7.46%
71530,244640,Owner,IO,"43,000",GBP,180,05/12/2010,04/12/2025,Tracker,Tracker,BoE Base,0.55%,4.60%,0.50%,5.10%,n/a,"43,000",   -   ,"43,000",   -   , Monthly ,179,60,5.15%
71535,244640,BTL,IO,"40,000",GBP,300,29/02/2012,28/02/2037,Tracker,Tracker,BoE Base,0.56%,4.20%,0.50%,4.70%,01/03/2017,"40,000",   -   ,"40,000",   -   , Monthly ,299,60,4.76%
71540,244705,Owner,IO,"51,000",GBP,240,10/11/2007,09/11/2027,Tracker,Tracker,BoE Base,5.83%,4.70%,0.50%,5.20%,n/a,"51,000","2,145","52,020",87, Monthly ,239,60,10.53%
71545,244710,Owner,IO,"106,000",GBP,180,22/01/2008,21/01/2023,Tracker,Tracker,BoE Base,5.66%,3.50%,0.50%,4.00%,n/a,"106,000",   -   ,"106,000",   -   , Quarterly ,179,60,9.16%
71550,244710,BTL,IO,"42,000",GBP,300,01/09/2013,31/08/2038,Fixed,Fixed,BoE Base,0.48%,3.80%,0.48%,4.28%,01/09/2018,"42,000",   -   ,"42,000",   -   , Monthly ,299,60,4.28%
71555,244810,Owner,P&I,"61,000",GBP,300,03/12/2008,02/12/2033,Tracker,Variable,BoE Base,3.30%,4.10%,0.50%,4.60%,03/12/2013,"61,230",   -   ,"61,230",   -   , Quarterly ,299,60,7.40%
71560,244755,Owner,IO,"38,000",GBP,180,18/11/2005,17/11/2020,Tracker,Tracker,BoE Base,4.48%,4.10%,0.50%,4.60%,n/a,"38,000",   -   ,"38,000",   -   , Monthly ,179,60,8.58%
71565,200215,BTL,IO,"103,000",GBP,180,07/01/2008,06/01/2023,Fixed,Variable,LIBOR3,5.66%,4.00%,0.52%,4.52%,07/01/2013,"103,000",   -   ,"103,000",   -   , Monthly ,179,60,9.66%
71570,244875,Owner,P&I,"74,000",GBP,300,27/12/2007,26/12/2032,Tracker,Tracker,BoE Base,5.84%,3.20%,0.50%,3.70%,n/a,"74,368",   -   ,"74,368",   -   , Monthly ,299,60,9.04%
71575,244900,Owner,P&I,"124,000",GBP,180,18/07/2001,17/07/2016,Variable,Variable,LIBOR6,4.83%,4.70%,0.63%,5.33%,n/a,"36,222",   -   ,"36,222",   -   , Monthly ,179,60,9.53%
71580,222250,Owner,P&I,"9,000",GBP,180,12/10/2013,11/10/2028,Tracker,Tracker,BoE Base,0.48%,3.70%,0.50%,4.20%,n/a,"8,577",   -   ,"8,577",   -   , Quarterly ,179,60,4.18%
71585,210735,Owner,P&I,"33,000",GBP,180,09/12/2002,08/12/2017,Fixed,Variable,LIBOR6,3.63%,3.80%,0.63%,4.43%,09/12/2007,"32,970",   -   ,"32,970",   -   , Monthly ,179,60,7.43%
71590,209520,Owner,P&I,"61,000",GBP,240,20/06/2001,19/06/2021,Tracker,Tracker,BoE Base,5.56%,3.00%,0.50%,3.50%,n/a,"61,230",   -   ,"61,230",   -   , Quarterly ,239,60,8.56%
71595,222960,Owner,IO,"46,000",GBP,300,14/07/2007,13/07/2032,Fixed,Variable,BoE Base,5.65%,3.70%,0.50%,4.20%,14/07/2012,"46,000",   -   ,"46,000",   -   , Monthly ,299,60,9.35%
71600,211455,Owner,P&I,"64,000",GBP,300,01/11/2008,31/10/2038,Variable,Variable,BoE Base,5.06%,2.50%,0.50%,3.00%,n/a,"58,691",   -   ,"58,691",   -   , Monthly ,359,60,7.56%
71605,244985,BTL,IO,"99,000",GBP,240,25/06/1999,24/06/2019,Tracker,Tracker,BoE Base,7.36%,4.50%,0.50%,5.00%,n/a,"99,000",   -   ,"99,000",   -   , Monthly ,239,60,11.86%
71610,211480,Owner,P&I,"31,000",GBP,300,04/07/2004,03/07/2029,Tracker,Tracker,BoE Base,4.45%,4.30%,0.50%,4.80%,n/a,"30,987",   -   ,"30,987",   -   , Monthly ,299,60,8.75%
71615,211490,Owner,IO,"69,000",GBP,180,13/11/2000,12/11/2015,Tracker,Tracker,BoE Base,6.31%,4.80%,0.50%,5.30%,n/a,"69,000",   -   ,"69,000",   -   , Monthly ,179,60,11.11%
71620,211505,Owner,P&I,"46,000",GBP,240,06/08/1999,05/08/2019,Variable,Variable,LIBOR6,5.62%,4.70%,0.63%,5.33%,n/a,"23,017",   -   ,"23,017",   -   , Monthly ,239,60,10.32%
71625,211510,Owner,P&I,"50,000",GBP,180,04/05/2004,03/05/2019,Fixed,Variable,BoE Base,3.97%,3.60%,0.50%,4.10%,04/05/2009,"49,579",   -   ,"49,579",   -   , Quarterly ,179,60,7.57%
71630,211510,BTL,IO,"30,000",GBP,300,19/09/2013,18/09/2038,Variable,Variable,BoE Base,0.48%,3.50%,0.50%,4.00%,n/a,"30,000",   -   ,"30,000",   -   , Monthly ,299,60,3.98%
71635,211520,Owner,P&I,"74,000",GBP,240,11/08/2013,10/08/2033,Variable,Variable,LIBOR3,0.48%,2.70%,0.52%,3.22%,n/a,"73,282",   -   ,"73,282",   -   , Monthly ,239,60,3.18%
71640,211525,Owner,IO,"15,000",GBP,180,17/11/1999,16/11/2014,Fixed,Variable,LIBOR3,5.62%,4.20%,0.52%,4.72%,17/11/2004,"15,000",   -   ,"15,000",   -   , Monthly ,179,60,9.82%
71645,211525,BTL,IO,"37,000",GBP,300,06/11/2010,05/11/2035,Tracker,Tracker,BoE Base,0.55%,2.70%,0.50%,3.20%,n/a,"37,000",   -   ,"37,000",   -   , Quarterly ,299,60,3.25%
71650,211535,Owner,P&I,"38,000",GBP,240,05/10/2004,04/10/2024,Tracker,Tracker,BoE Base,4.81%,4.40%,0.50%,4.90%,n/a,"37,928",   -   ,"37,928",   -   , Monthly ,239,60,9.21%
71655,211535,BTL,IO,"43,000",GBP,180,28/04/2002,27/04/2017,Variable,Variable,LIBOR6,4.05%,4.90%,0.63%,5.53%,n/a,"43,000",   -   ,"43,000",   -   , Monthly ,179,60,8.95%
71660,211875,BTL,IO,"46,000",GBP,180,13/10/2005,12/10/2020,Variable,Variable,LIBOR6,4.62%,2.70%,0.63%,3.33%,n/a,"46,000",   -   ,"46,000",   -   , Quarterly ,179,60,7.32%
71665,211950,Owner,P&I,"46,000",GBP,240,29/03/2006,28/03/2026,Tracker,Tracker,BoE Base,4.47%,2.70%,0.50%,3.20%,n/a,"35,118",   -   ,"35,118",   -   , Monthly ,239,60,7.17%
71670,212060,Owner,P&I,"72,000",GBP,180,20/12/2004,19/12/2019,Variable,Variable,LIBOR3,4.80%,3.80%,0.52%,4.32%,n/a,"40,014",   -   ,"40,014",   -   , Monthly ,179,60,8.60%
71675,212255,Owner,P&I,"64,000",GBP,240,21/04/2005,20/04/2025,Variable,Variable,BoE Base,4.81%,1.60%,0.50%,2.10%,n/a,"46,030",   -   ,"46,030",   -   , Monthly ,239,60,6.41%
71680,212260,Owner,P&I,"50,000",GBP,180,23/03/2005,22/03/2020,Variable,Variable,LIBOR6,4.85%,2.50%,0.63%,3.13%,n/a,"27,438",   -   ,"27,438",   -   , Monthly ,179,60,7.35%
71685,211540,Owner,P&I,"62,000",GBP,300,10/02/2003,09/02/2028,Variable,Variable,BoE Base,3.80%,2.90%,0.50%,3.40%,n/a,"46,448",   -   ,"46,448",   -   , Monthly ,299,60,6.70%
71690,212315,Owner,IO,"87,000",GBP,300,05/08/2005,04/08/2030,Fixed,Variable,BoE Base,4.82%,4.80%,0.50%,5.30%,05/08/2010,"87,000",   -   ,"87,000",   -   , Monthly ,299,60,9.62%
71695,212335,Owner,P&I,"33,000",GBP,240,10/05/2001,09/05/2021,Fixed,Variable,LIBOR3,5.38%,4.70%,0.52%,5.22%,10/05/2006,"20,123",   -   ,"20,123",   -   , Quarterly ,239,60,10.08%
71700,212335,BTL,IO,"47,000",GBP,180,26/05/2009,25/05/2024,Fixed,Fixed,LIBOR6,0.61%,3.80%,0.61%,4.41%,26/05/2014,"47,000",   -   ,"47,000",   -   , Monthly ,179,60,4.41%
71705,212380,Owner,P&I,"64,000",GBP,300,27/01/2001,26/01/2026,Tracker,Variable,BoE Base,6.31%,3.40%,0.50%,3.90%,27/01/2006,"48,552",   -   ,"48,552",   -   , Monthly ,299,60,9.71%
71710,212630,Owner,IO,"50,000",GBP,300,18/12/1999,17/12/2024,Variable,Variable,LIBOR3,5.62%,2.60%,0.52%,3.12%,n/a,"50,000",   -   ,"50,000",   -   , Quarterly ,299,60,8.22%
71715,212590,Owner,P&I,"50,000",GBP,180,24/01/2002,23/01/2017,Tracker,Tracker,BoE Base,4.67%,4.20%,0.50%,4.70%,n/a,"16,361",   -   ,"16,361",   -   , Monthly ,179,60,8.87%
71720,212420,Owner,IO,"38,000",GBP,240,24/01/2001,23/01/2021,Variable,Variable,LIBOR6,6.31%,1.50%,0.63%,2.13%,n/a,"38,000",   -   ,"38,000",   -   , Monthly ,239,60,7.81%
71725,212420,BTL,IO,"50,000",GBP,180,06/03/2013,05/03/2028,Tracker,Tracker,BoE Base,0.48%,2.40%,0.50%,2.90%,06/03/2018,"50,000",   -   ,"50,000",   -   , Quarterly ,179,60,2.88%
71730,212510,Owner,P&I,"50,000",GBP,300,26/10/2013,25/10/2038,Variable,Variable,LIBOR3,0.48%,1.90%,0.52%,2.42%,n/a,"49,360",   -   ,"49,360",   -   , Monthly ,299,60,2.38%
71735,212710,Owner,IO,"47,000",GBP,180,11/09/2003,10/09/2018,Tracker,Tracker,BoE Base,3.55%,2.60%,0.50%,3.10%,n/a,"47,000",   -   ,"47,000",   -   , Monthly ,179,60,6.15%
71740,201790,Owner,IO,"37,000",GBP,240,16/01/2013,15/01/2033,Variable,Variable,BoE Base,0.48%,4.30%,0.50%,4.80%,n/a,"37,000",   -   ,"37,000",   -   , Monthly ,239,60,4.78%
71745,201790,BTL,IO,"74,000",GBP,300,27/08/2013,26/08/2038,Fixed,Fixed,BoE Base,0.48%,1.80%,0.48%,2.28%,27/08/2018,"74,000",   -   ,"74,000",   -   , Monthly ,299,60,2.28%
71750,213195,Owner,P&I,"32,000",GBP,300,04/09/1999,03/09/2024,Fixed,Variable,LIBOR3,5.62%,2.60%,0.52%,3.12%,04/09/2004,"21,515",   -   ,"21,515",   -   , Monthly ,299,60,8.22%
71755,213195,BTL,IO,"99,000",GBP,240,25/02/2008,24/02/2028,Variable,Variable,LIBOR6,5.55%,3.20%,0.63%,3.83%,n/a,"99,000",   -   ,"99,000",   -   , Monthly ,239,60,8.75%
71760,213720,Owner,P&I,"33,000",GBP,240,24/04/2006,23/04/2026,Fixed,Variable,LIBOR3,4.59%,3.80%,0.52%,4.32%,24/04/2011,"33,466",   -   ,"33,466",   -   , Monthly ,239,60,8.39%
71765,213760,Owner,IO,"52,000",GBP,300,29/08/2012,28/08/2037,Variable,Variable,LIBOR3,0.53%,3.40%,0.52%,3.92%,n/a,"52,000",   -   ,"52,000",   -   , Quarterly ,299,60,3.93%
71770,213760,BTL,IO,"37,000",GBP,240,29/03/2009,28/03/2029,Tracker,Tracker,BoE Base,1.13%,2.20%,0.50%,2.70%,29/03/2014,"37,000",   -   ,"37,000",   -   , Monthly ,239,60,3.33%
71775,214095,Owner,P&I,"57,000",GBP,180,26/05/2012,25/05/2027,Tracker,Tracker,BoE Base,0.55%,4.40%,0.50%,4.90%,26/05/2017,"52,805",   -   ,"52,805",   -   , Monthly ,179,60,4.95%
71780,214140,Owner,P&I,"59,000",GBP,240,10/06/2006,09/06/2026,Variable,Variable,LIBOR3,4.56%,4.20%,0.52%,4.72%,n/a,"47,519",   -   ,"47,519",   -   , Quarterly ,239,60,8.76%
71785,211500,Owner,P&I,"50,000",GBP,300,07/11/1998,06/11/2023,Variable,Variable,LIBOR6,7.36%,2.70%,0.63%,3.33%,n/a,"33,717",   -   ,"33,717",   -   , Monthly ,299,60,10.06%
71790,214245,Owner,IO,"27,000",GBP,180,09/08/1999,08/08/2014,Tracker,Variable,BoE Base,5.62%,2.90%,0.50%,3.40%,09/08/2002,"27,000",   -   ,"27,000",   -   , Monthly ,179,60,8.52%
71795,214245,BTL,IO,"30,000",GBP,300,18/06/1998,17/06/2023,Variable,Variable,BoE Base,7.07%,2.40%,0.50%,2.90%,n/a,"30,000",   -   ,"30,000",   -   , Monthly ,299,60,9.47%
71800,214500,Owner,P&I,"45,000",GBP,240,03/12/2007,02/12/2027,Fixed,Variable,LIBOR3,5.84%,1.80%,0.52%,2.32%,03/12/2012,"37,796",   -   ,"37,796",   -   , Monthly ,239,60,7.64%
71805,211455,BTL,IO,"15,000",GBP,180,16/12/2013,15/12/2028,Tracker,Tracker,BoE Base,0.47%,2.30%,0.50%,2.80%,16/12/2018,"15,000",   -   ,"15,000",   -   , Monthly ,179,60,2.77%
71810,214585,Owner,IO,"37,000",GBP,180,09/02/2003,08/02/2018,Tracker,Tracker,BoE Base,3.80%,1.50%,0.50%,2.00%,n/a,"37,000",   -   ,"37,000",   -   , Quarterly ,179,60,5.30%
71815,214825,Owner,P&I,"30,000",GBP,240,09/11/2011,08/11/2031,Variable,Variable,BoE Base,0.58%,3.20%,0.50%,3.70%,n/a,"27,503",   -   ,"27,503",   -   , Monthly ,239,60,3.78%
71820,211485,Owner,P&I,"47,000",GBP,240,17/12/1997,16/12/2017,Fixed,Variable,LIBOR6,7.07%,2.80%,0.63%,3.43%,17/12/2002,"17,657",   -   ,"17,657",   -   , Quarterly ,239,60,9.87%
71825,215080,Owner,P&I,"25,000",GBP,180,31/03/2004,30/03/2019,Variable,Variable,LIBOR3,4.00%,2.40%,0.52%,2.92%,n/a,"11,549",   -   ,"11,549",   -   , Monthly ,179,60,6.40%
71830,215180,Owner,IO,"37,000",GBP,300,18/07/2000,17/07/2025,Fixed,Variable,BoE Base,6.31%,3.60%,0.50%,4.10%,18/07/2005,"37,000",   -   ,"37,000",   -   , Monthly ,299,60,9.91%
71835,212255,BTL,IO,"5,000",GBP,300,06/07/1998,05/07/2023,Tracker,Variable,BoE Base,7.36%,4.10%,0.50%,4.60%,06/07/2003,"5,000",   -   ,"5,000",   -   , Quarterly ,299,60,11.46%
71840,211550,Owner,IO,"8,000",GBP,180,20/02/2000,19/02/2015,Fixed,Variable,LIBOR6,5.62%,4.50%,0.63%,5.13%,20/02/2005,"8,000",   -   ,"8,000",   -   , Monthly ,179,60,10.12%
71845,215180,BTL,IO,"25,000",GBP,240,01/11/2013,31/10/2033,Variable,Variable,BoE Base,0.47%,2.60%,0.50%,3.10%,n/a,"25,000",   -   ,"25,000",   -   , Quarterly ,239,60,3.07%
71850,215855,Owner,IO,"166,000",GBP,180,10/11/2010,09/11/2025,Variable,Variable,LIBOR6,0.55%,1.60%,0.63%,2.23%,n/a,"166,000",   -   ,"166,000",   -   , Monthly ,179,60,2.15%
71855,215855,BTL,IO,"30,000",GBP,300,18/12/2011,17/12/2036,Variable,Variable,LIBOR3,0.58%,1.80%,0.52%,2.32%,n/a,"30,000",   -   ,"30,000",   -   , Monthly ,299,60,2.38%
71860,216380,Owner,P&I,"40,000",GBP,300,21/09/2005,20/09/2030,Tracker,Tracker,BoE Base,4.63%,5.00%,0.50%,5.50%,n/a,"34,669",   -   ,"34,669",   -   , Monthly ,299,60,9.63%
71865,216780,Owner,P&I,"37,000",GBP,240,17/09/2013,16/09/2033,Tracker,Tracker,BoE Base,0.48%,4.20%,0.50%,4.70%,n/a,"36,758",   -   ,"36,758",   -   , Quarterly ,239,60,4.68%
71870,201760,Owner,IO,"32,000",GBP,180,05/12/1999,04/12/2014,Tracker,Variable,BoE Base,5.62%,3.70%,0.50%,4.20%,05/12/2004,"32,000",   -   ,"32,000",   -   , Monthly ,179,60,9.32%
71875,217145,Owner,P&I,"50,000",GBP,300,17/09/2001,16/09/2026,Variable,Variable,LIBOR3,4.82%,5.00%,0.52%,5.52%,n/a,"38,370",   -   ,"38,370",   -   , Monthly ,299,60,9.82%
71880,217245,Owner,P&I,"99,000",GBP,240,20/06/1998,19/06/2018,Tracker,Tracker,BoE Base,7.07%,1.60%,0.50%,2.10%,n/a,"99,157",   -   ,"99,157",   -   , Monthly ,239,60,8.67%
71885,217755,Owner,IO,"46,000",GBP,180,15/01/2000,14/01/2015,Tracker,Variable,BoE Base,5.62%,1.70%,0.50%,2.20%,15/01/2003,"46,000",   -   ,"46,000",   -   , Quarterly ,179,60,7.32%
71890,217775,Owner,P&I,"42,000",GBP,300,04/10/2000,03/10/2025,Variable,Variable,LIBOR6,6.31%,2.10%,0.63%,2.73%,n/a,"30,021",   -   ,"30,021",   -   , Monthly ,299,60,8.41%
71895,217970,Owner,P&I,"62,000",GBP,240,13/07/2001,12/07/2021,Tracker,Tracker,BoE Base,4.83%,2.60%,0.50%,3.10%,n/a,"34,257",   -   ,"34,257",   -   , Monthly ,239,60,7.43%
71900,217975,Owner,P&I,"57,000",GBP,180,20/12/2008,19/12/2023,Tracker,Variable,BoE Base,3.30%,2.90%,0.50%,3.40%,20/12/2013,"43,539",   -   ,"43,539",   -   , Monthly ,179,60,6.20%
71905,217975,BTL,IO,"37,000",GBP,300,19/06/2002,18/06/2027,Tracker,Variable,BoE Base,4.00%,3.80%,0.50%,4.30%,19/06/2007,"37,000",   -   ,"37,000",   -   , Quarterly ,299,60,7.80%
71910,218020,Owner,P&I,"22,000",GBP,240,07/08/2012,06/08/2032,Variable,Variable,LIBOR6,0.53%,2.90%,0.63%,3.53%,n/a,"22,310",   -   ,"22,310",   -   , Monthly ,239,60,3.43%
71915,211455,BTL,IO,"12,000",GBP,240,11/02/1999,10/02/2019,Tracker,Tracker,BoE Base,7.36%,3.70%,0.50%,4.20%,n/a,"12,000",   -   ,"12,000",   -   , Monthly ,239,60,11.06%
71920,218195,Owner,IO,"45,000",GBP,180,07/07/1999,06/07/2014,Fixed,Variable,LIBOR3,5.62%,3.90%,0.52%,4.42%,07/07/2004,"45,000",   -   ,"45,000",   -   , Monthly ,179,60,9.52%
71925,218195,BTL,IO,"67,000",GBP,300,25/05/2004,24/05/2029,Variable,Variable,BoE Base,3.97%,3.80%,0.50%,4.30%,n/a,"67,000",   -   ,"67,000",   -   , Monthly ,299,60,7.77%
71930,218400,BTL,IO,"52,000",GBP,240,08/11/2009,07/11/2029,Fixed,Fixed,LIBOR3,0.51%,2.40%,0.51%,2.91%,08/11/2014,"52,000",   -   ,"52,000",   -   , Quarterly ,239,60,2.91%
71935,219295,Owner,P&I,"104,000",GBP,300,02/11/2004,01/11/2029,Fixed,Variable,LIBOR3,4.78%,3.80%,0.52%,4.32%,02/11/2009,"87,148",   -   ,"87,148",   -   , Monthly ,299,60,8.58%
71940,219710,Owner,IO,"50,000",GBP,240,27/02/2013,26/02/2033,Fixed,Fixed,LIBOR6,0.48%,2.00%,0.48%,2.48%,27/02/2019,"50,000",   -   ,"50,000",   -   , Monthly ,239,60,2.48%
71945,219710,BTL,IO,"109,000",GBP,180,02/07/2012,01/07/2027,Fixed,Fixed,LIBOR3,0.55%,4.50%,0.55%,5.05%,02/07/2017,"109,000",   -   ,"109,000",   -   , Quarterly ,179,60,5.05%
71950,219990,Owner,P&I,"64,000",GBP,300,06/04/2004,05/04/2029,Tracker,Tracker,BoE Base,4.00%,1.60%,0.50%,2.10%,n/a,"64,452",   -   ,"64,452",   -   , Monthly ,299,60,5.60%
71955,219995,Owner,P&I,"57,000",GBP,240,03/10/2010,02/10/2030,Fixed,Fixed,LIBOR6,0.55%,2.40%,0.55%,2.95%,03/10/2015,"49,946",   -   ,"49,946",   -   , Monthly ,239,60,2.95%
71960,219995,BTL,IO,"33,000",GBP,180,09/07/2008,08/07/2023,Variable,Variable,LIBOR6,5.09%,2.70%,0.63%,3.33%,n/a,"33,000",   -   ,"33,000",   -   , Monthly ,179,60,7.79%
71965,220360,BTL,IO,"37,000",GBP,180,22/03/2013,21/03/2028,Fixed,Fixed,LIBOR6,0.48%,1.90%,0.48%,2.38%,22/03/2018,"37,000",   -   ,"37,000",   -   , Monthly ,179,60,2.38%
71970,220360,BTL,IO,"50,000",GBP,240,14/10/2010,13/10/2030,Tracker,Tracker,BoE Base,0.55%,4.50%,0.50%,5.00%,14/10/2015,"50,000",   -   ,"50,000",   -   , Monthly ,239,60,5.05%
71975,220435,Owner,P&I,"45,000",GBP,180,31/01/2000,30/01/2015,Variable,Variable,LIBOR6,5.62%,4.60%,0.63%,5.23%,n/a,"6,328",   -   ,"6,328",   -   , Quarterly ,179,60,10.22%
71980,220475,Owner,IO,"32,000",GBP,300,10/11/2013,09/11/2038,Fixed,Fixed,LIBOR6,0.47%,2.40%,0.47%,2.87%,10/11/2018,"32,000",   -   ,"32,000",   -   , Monthly ,299,60,2.87%
71985,202010,BTL,IO,"79,000",GBP,180,30/11/2005,29/11/2020,Variable,Variable,LIBOR6,4.60%,4.50%,0.63%,5.13%,n/a,"79,000",   -   ,"79,000",   -   , Monthly ,179,60,9.10%
71990,220715,Owner,IO,"42,000",GBP,180,13/01/2004,12/01/2019,Tracker,Variable,BoE Base,3.85%,4.10%,0.50%,4.60%,13/01/2009,"42,000",   -   ,"42,000",   -   , Monthly ,179,60,7.95%
71995,221085,Owner,P&I,"45,000",GBP,300,03/11/2009,02/11/2034,Tracker,Tracker,BoE Base,0.51%,1.60%,0.50%,2.10%,03/11/2014,"38,769",   -   ,"38,769",   -   , Quarterly ,299,60,2.11%
72000,221210,Owner,IO,"40,000",GBP,180,24/08/2002,23/08/2017,Variable,Variable,BoE Base,3.82%,2.00%,0.50%,2.50%,n/a,"40,000",   -   ,"40,000",   -   , Monthly ,179,60,5.82%
72005,201735,Owner,P&I,"30,000",GBP,300,04/05/2004,03/05/2029,Tracker,Variable,BoE Base,3.97%,3.80%,0.50%,4.30%,04/05/2009,"24,070",   -   ,"24,070",   -   , Monthly ,299,60,7.77%
72010,221625,Owner,P&I,"35,000",GBP,240,05/02/2006,04/02/2026,Tracker,Tracker,BoE Base,4.52%,4.60%,0.50%,5.10%,n/a,"28,101",   -   ,"28,101",   -   , Quarterly ,239,60,9.12%
72015,221905,Owner,P&I,"52,000",GBP,180,08/12/2003,07/12/2018,Tracker,Variable,BoE Base,3.58%,5.00%,0.50%,5.50%,08/12/2008,"24,878",   -   ,"24,878",   -   , Monthly ,179,60,8.58%
72020,222120,Owner,P&I,"84,000",GBP,300,26/04/2000,25/04/2025,Fixed,Variable,LIBOR6,5.62%,3.80%,0.63%,4.43%,26/04/2005,"60,801",   -   ,"60,801",   -   , Monthly ,299,60,9.42%
72025,222235,Owner,P&I,"99,000",GBP,240,20/12/2012,19/12/2032,Variable,Variable,LIBOR3,0.48%,3.80%,0.52%,4.32%,n/a,"95,883",   -   ,"95,883",   -   , Monthly ,239,60,4.28%
72030,222260,BTL,IO,"62,000",GBP,240,08/03/2002,07/03/2022,Variable,Variable,LIBOR6,4.07%,3.40%,0.63%,4.03%,n/a,"62,000",   -   ,"62,000",   -   , Monthly ,239,60,7.47%
72035,222570,Owner,IO,"122,000",GBP,300,15/08/2013,14/08/2038,Variable,Variable,LIBOR6,0.48%,3.30%,0.63%,3.93%,n/a,"122,000",   -   ,"122,000",   -   , Quarterly ,299,60,3.78%
72040,222570,BTL,IO,"40,000",GBP,240,03/06/2001,02/06/2021,Tracker,Variable,BoE Base,5.56%,1.50%,0.50%,2.00%,03/06/2006,"40,000",   -   ,"40,000",   -   , Monthly ,239,60,7.06%
72045,215915,Owner,P&I,"62,000",GBP,300,29/09/2010,28/09/2035,Tracker,Tracker,BoE Base,0.55%,2.80%,0.50%,3.30%,29/09/2015,"56,520",   -   ,"56,520",   -   , Monthly ,299,60,3.35%
72050,222660,Owner,P&I,"35,000",GBP,180,09/07/1999,08/07/2014,Variable,Variable,LIBOR3,5.62%,2.50%,0.52%,3.02%,n/a,"2,310",   -   ,"2,310",   -   , Monthly ,179,60,8.12%
72055,222920,Owner,IO,"94,000",GBP,180,19/09/2003,18/09/2018,Fixed,Variable,LIBOR6,3.55%,3.80%,0.63%,4.43%,19/09/2008,"94,000",   -   ,"94,000",   -   , Monthly ,179,60,7.35%
72060,222960,BTL,IO,"74,000",GBP,240,28/02/2005,27/02/2025,Variable,Variable,LIBOR3,4.85%,1.90%,0.52%,2.42%,n/a,"74,000",   -   ,"74,000",   -   , Monthly ,239,60,6.75%
72065,223195,Owner,IO,"92,000",GBP,300,28/05/2004,27/05/2029,Tracker,Variable,BoE Base,3.97%,1.80%,0.50%,2.30%,28/05/2009,"92,000",   -   ,"92,000",   -   , Monthly ,299,60,5.77%
72070,223615,Owner,P&I,"62,000",GBP,240,27/06/2000,26/06/2020,Variable,Variable,LIBOR3,5.62%,3.70%,0.52%,4.22%,n/a,"33,327",   -   ,"33,327",   -   , Monthly ,239,60,9.32%
72075,223615,BTL,IO,"74,000",GBP,180,11/01/2008,10/01/2023,Variable,Variable,BoE Base,5.66%,2.50%,0.50%,3.00%,n/a,"74,000",   -   ,"74,000",   -   , Monthly ,179,60,8.16%
72080,223805,Owner,P&I,"32,000",GBP,240,24/01/2011,23/01/2031,Tracker,Tracker,BoE Base,0.56%,2.50%,0.50%,3.00%,24/01/2016,"32,028",   -   ,"32,028",   -   , Monthly ,239,60,3.06%
72085,224600,Owner,P&I,"103,000",GBP,300,01/03/1999,29/02/2024,Fixed,Variable,LIBOR3,7.36%,1.60%,0.52%,2.12%,01/03/2004,"68,909",   -   ,"68,909",   -   , Monthly ,299,60,8.96%
72090,224640,Owner,P&I,"75,000",GBP,240,27/11/1998,26/11/2018,Tracker,Variable,BoE Base,7.36%,2.90%,0.50%,3.40%,27/11/2003,"34,170",   -   ,"34,170",   -   , Quarterly ,239,60,10.26%
72095,224640,BTL,IO,"62,000",GBP,180,25/08/2005,24/08/2020,Tracker,Tracker,BoE Base,4.82%,4.20%,0.50%,4.70%,n/a,"62,000",   -   ,"62,000",   -   , Monthly ,179,60,9.02%
72100,224855,Owner,P&I,"62,000",GBP,300,22/03/2001,21/03/2026,Fixed,Variable,LIBOR3,5.88%,4.60%,0.52%,5.12%,22/03/2006,"61,973",   -   ,"61,973",   -   , Monthly ,299,60,10.48%
72105,225155,Owner,P&I,"50,000",GBP,240,05/03/2001,04/03/2021,Variable,Variable,LIBOR6,5.88%,1.90%,0.63%,2.53%,n/a,"49,579",   -   ,"49,579",   -   , Monthly ,239,60,7.78%
72110,225160,Owner,P&I,"55,000",GBP,180,23/01/2007,22/01/2022,Tracker,Tracker,BoE Base,5.13%,4.20%,0.50%,4.70%,n/a,"38,278",   -   ,"38,278",   -   , Quarterly ,179,60,9.33%
72115,225160,BTL,IO,"30,000",GBP,300,23/01/2009,22/01/2034,Tracker,Tracker,BoE Base,2.15%,2.80%,0.50%,3.30%,n/a,"30,000",   -   ,"30,000",   -   , Monthly ,299,60,4.95%
72120,225420,Owner,P&I,"55,000",GBP,240,27/07/2013,26/07/2033,Tracker,Tracker,BoE Base,0.48%,2.20%,0.50%,2.70%,27/07/2018,"53,726",   -   ,"53,726",   -   , Monthly ,239,60,2.68%
72125,225420,BTL,IO,"74,000",GBP,180,13/11/2011,12/11/2026,Tracker,Tracker,BoE Base,0.58%,4.70%,0.50%,5.20%,13/11/2016,"74,000",   -   ,"74,000",   -   , Monthly ,179,60,5.28%
72130,225800,Owner,P&I,"67,000",GBP,240,06/07/2013,05/07/2033,Tracker,Tracker,BoE Base,0.48%,3.30%,0.50%,3.80%,n/a,"65,783",   -   ,"65,783",   -   , Monthly ,239,60,3.78%
72135,225840,Owner,P&I,"57,000",GBP,180,22/05/2004,21/05/2019,Tracker,Tracker,BoE Base,3.97%,4.20%,0.50%,4.70%,n/a,"28,986",   -   ,"28,986",   -   , Monthly ,179,60,8.17%
72140,226015,Owner,P&I,"87,000",GBP,300,25/06/2010,24/06/2035,Tracker,Tracker,BoE Base,0.55%,4.60%,0.50%,5.10%,n/a,"86,763",   -   ,"86,763",   -   , Monthly ,299,60,5.15%
72145,226015,BTL,IO,"56,000",GBP,240,06/10/1998,05/10/2018,Fixed,Variable,LIBOR3,7.36%,3.40%,0.52%,3.92%,06/10/2003,"56,000",   -   ,"56,000",   -   , Quarterly ,239,60,10.76%
72150,226090,Owner,P&I,"109,000",GBP,180,20/07/2000,19/07/2015,Variable,Variable,LIBOR6,6.31%,2.30%,0.63%,2.93%,n/a,"19,935",   -   ,"19,935",   -   , Monthly ,179,60,8.61%
72155,227140,Owner,P&I,"37,000",GBP,300,05/09/1997,04/09/2022,Fixed,Variable,LIBOR6,7.07%,3.20%,0.63%,3.83%,05/09/2002,"23,631",   -   ,"23,631",   -   , Monthly ,299,60,10.27%
72160,227140,BTL,IO,"64,000",GBP,240,18/10/2012,17/10/2032,Tracker,Tracker,BoE Base,0.50%,5.00%,0.50%,5.50%,n/a,"64,000",   -   ,"64,000",   -   , Monthly ,239,60,5.50%
72165,227155,Owner,IO,"52,000",GBP,180,27/05/2005,26/05/2020,Variable,Variable,LIBOR6,4.88%,1.80%,0.63%,2.43%,n/a,"52,000",   -   ,"52,000",   -   , Monthly ,179,60,6.68%
72170,227420,Owner,P&I,"87,000",GBP,300,10/03/2002,09/03/2027,Tracker,Tracker,BoE Base,4.07%,2.80%,0.50%,3.30%,n/a,"62,786",   -   ,"62,786",   -   , Quarterly ,299,60,6.87%
72175,222260,BTL,IO,"12,000",GBP,180,14/02/2010,13/02/2025,Variable,Variable,BoE Base,0.51%,1.50%,0.50%,2.00%,n/a,"12,000",   -   ,"12,000",   -   , Monthly ,179,60,2.01%
72180,227430,Owner,P&I,"62,000",GBP,180,21/01/2004,20/01/2019,Tracker,Tracker,BoE Base,3.85%,1.70%,0.50%,2.20%,n/a,"27,202",   -   ,"27,202",   -   , Monthly ,179,60,5.55%
72185,227765,Owner,P&I,"43,000",GBP,300,28/02/2004,27/02/2029,Variable,Variable,LIBOR3,3.81%,3.90%,0.52%,4.42%,n/a,"34,858",   -   ,"34,858",   -   , Monthly ,299,60,7.71%
72190,227775,Owner,P&I,"50,000",GBP,240,28/08/2010,27/08/2030,Fixed,Fixed,BoE Base,0.55%,2.60%,0.55%,3.15%,28/08/2015,"43,373",   -   ,"43,373",   -   , Quarterly ,239,60,3.15%
72195,227800,Owner,IO,"51,000",GBP,180,20/10/2008,19/10/2023,Variable,Variable,LIBOR3,5.20%,4.60%,0.52%,5.12%,n/a,"51,000",5,"51,005",121, Monthly ,179,60,9.80%
72200,227800,BTL,IO,"53,000",GBP,300,16/07/2004,15/07/2029,Fixed,Variable,BoE Base,4.45%,3.50%,0.50%,4.00%,16/07/2009,"53,000",   -   ,"53,000",   -   , Monthly ,299,60,7.95%
72205,227950,Owner,IO,"25,000",GBP,180,23/06/2000,22/06/2015,Tracker,Variable,BoE Base,5.62%,5.00%,0.50%,5.50%,23/06/2003,"25,000",   -   ,"25,000",   -   , Quarterly ,179,60,10.62%
72210,228070,Owner,P&I,"42,000",GBP,300,18/09/2005,17/09/2030,Tracker,Tracker,BoE Base,4.63%,2.90%,0.50%,3.40%,n/a,"42,142",   -   ,"42,142",   -   , Monthly ,299,60,7.53%
72215,228250,Owner,IO,"31,000",GBP,240,15/12/2012,14/12/2032,Variable,Variable,LIBOR3,0.48%,3.50%,0.52%,4.02%,n/a,"31,000",   -   ,"31,000",   -   , Monthly ,239,60,3.98%
72220,228370,Owner,P&I,"59,000",GBP,300,29/01/1998,28/01/2023,Tracker,Variable,BoE Base,7.07%,2.30%,0.50%,2.80%,29/01/2003,"37,269",   -   ,"37,269",   -   , Quarterly ,299,60,9.37%
72225,228370,BTL,IO,"25,000",GBP,180,03/06/2008,02/06/2023,Variable,Variable,LIBOR6,5.09%,3.50%,0.63%,4.13%,n/a,"25,000",   -   ,"25,000",   -   , Monthly ,179,60,8.59%
72230,228370,BTL,IO,"169,000",GBP,240,08/11/2011,07/11/2031,Tracker,Tracker,BoE Base,0.58%,2.00%,0.50%,2.50%,n/a,"169,000",   -   ,"169,000",   -   , Monthly ,239,60,2.58%
72235,228560,Owner,P&I,"54,000",GBP,180,23/04/1999,22/04/2014,Variable,Variable,BoE Base,7.36%,3.80%,0.50%,4.30%,n/a,"54,041",   -   ,"54,041",   -   , Monthly ,179,60,11.16%
72240,201675,BTL,IO,"37,000",GBP,240,07/02/2006,06/02/2026,Fixed,Variable,LIBOR6,4.52%,2.30%,0.63%,2.93%,07/02/2011,"37,000",   -   ,"37,000",   -   , Monthly ,239,60,6.82%
72245,228785,Owner,IO,"62,000",GBP,180,12/02/2009,11/02/2024,Fixed,Fixed,LIBOR3,1.63%,3.10%,1.63%,4.73%,12/02/2014,"62,000",   -   ,"62,000",   -   , Monthly ,179,60,4.73%
72250,227855,Owner,P&I,"32,000",GBP,240,15/03/2013,14/03/2033,Variable,Variable,LIBOR6,0.48%,4.60%,0.63%,5.23%,n/a,"32,226",   -   ,"32,226",   -   , Monthly ,239,60,5.08%
72255,228785,BTL,IO,"50,000",GBP,300,05/02/2004,04/02/2029,Variable,Variable,BoE Base,3.81%,4.90%,0.50%,5.40%,n/a,"50,000",   -   ,"50,000",   -   , Monthly ,299,60,8.71%
72260,215920,Owner,P&I,"79,000",GBP,240,12/07/2007,11/07/2027,Tracker,Tracker,BoE Base,5.65%,4.90%,0.50%,5.40%,n/a,"79,326",   -   ,"79,326",   -   , Monthly ,239,60,10.55%
72265,215035,Owner,P&I,"64,000",GBP,240,20/03/2010,19/03/2030,Variable,Variable,BoE Base,0.52%,3.60%,0.50%,4.10%,n/a,"56,043",   -   ,"56,043",   -   , Monthly ,239,60,4.12%
72270,229280,Owner,P&I,"48,000",GBP,240,17/01/1999,16/01/2019,Variable,Variable,LIBOR3,7.36%,4.30%,0.52%,4.82%,n/a,"47,720",   -   ,"47,720",   -   , Monthly ,239,60,11.66%
72275,229280,BTL,IO,"48,000",GBP,300,09/04/2013,08/04/2038,Tracker,Tracker,BoE Base,0.48%,4.50%,0.50%,5.00%,09/04/2018,"48,000",   -   ,"48,000",   -   , Monthly ,299,60,4.98%
72280,201745,Owner,P&I,"51,000",GBP,240,02/06/2002,01/06/2022,Tracker,Tracker,BoE Base,4.00%,1.50%,0.50%,2.00%,n/a,"28,299",   -   ,"28,299",   -   , Quarterly ,239,60,5.50%
72285,201890,Owner,IO,"25,000",GBP,240,05/09/2009,04/09/2029,Fixed,Fixed,BoE Base,0.53%,1.80%,0.53%,2.33%,05/09/2014,"25,000",   -   ,"25,000",   -   , Monthly ,239,60,2.33%
72290,201890,BTL,IO,"67,000",GBP,300,27/05/2000,26/05/2025,Fixed,Variable,LIBOR6,5.62%,3.60%,0.63%,4.23%,27/05/2005,"67,000",   -   ,"67,000",   -   , Monthly ,299,60,9.22%
72300,222920,BTL,IO,"5,000",GBP,240,13/12/2009,12/12/2029,Tracker,Tracker,BoE Base,0.50%,3.60%,0.50%,4.10%,13/12/2014,"5,000",   -   ,"5,000",   -   , Quarterly ,239,60,4.10%
72305,222660,BTL,IO,"15,000",GBP,300,24/12/1999,23/12/2024,Variable,Variable,LIBOR3,5.62%,3.30%,0.52%,3.82%,n/a,"15,000",   -   ,"15,000",   -   , Monthly ,299,60,8.92%
72310,229280,BTL,IO,"47,000",GBP,180,21/07/2012,20/07/2027,Fixed,Fixed,LIBOR3,0.55%,4.90%,0.55%,5.45%,21/07/2017,"47,000",   -   ,"47,000",   -   , Monthly ,179,60,5.45%
72315,229800,Owner,P&I,"41,000",GBP,300,29/04/2009,28/04/2034,Tracker,Tracker,BoE Base,0.71%,5.00%,0.50%,5.50%,n/a,"36,857",   -   ,"36,857",   -   , Quarterly ,299,60,5.71%
72320,229855,Owner,IO,"87,000",GBP,240,29/07/2008,28/07/2028,Variable,Variable,LIBOR6,5.09%,3.60%,0.63%,4.23%,n/a,"87,000",   -   ,"87,000",   -   , Monthly ,239,60,8.69%
72325,227420,BTL,IO,"72,000",GBP,240,13/06/2003,12/06/2023,Fixed,Variable,LIBOR3,3.72%,2.10%,0.52%,2.62%,13/06/2008,"72,000",   -   ,"72,000",   -   , Monthly ,239,60,5.82%
72330,229855,BTL,IO,"98,000",GBP,180,31/07/2005,30/07/2020,Tracker,Variable,BoE Base,4.82%,3.80%,0.50%,4.30%,31/07/2010,"98,000",   -   ,"98,000",   -   , Monthly ,179,60,8.62%
72335,228660,Owner,P&I,"61,000",GBP,300,29/07/2010,28/07/2035,Fixed,Fixed,BoE Base,0.55%,1.80%,0.55%,2.35%,29/07/2015,"54,436",   -   ,"54,436",   -   , Monthly ,299,60,2.35%
72340,230210,BTL,IO,"56,000",GBP,240,17/07/2012,16/07/2032,Variable,Variable,LIBOR3,0.55%,2.20%,0.52%,2.72%,n/a,"56,000",   -   ,"56,000",   -   , Quarterly ,239,60,2.75%
72345,230285,Owner,P&I,"110,000",GBP,300,09/04/2002,08/04/2027,Variable,Variable,BoE Base,4.05%,3.60%,0.50%,4.10%,n/a,"82,086",   -   ,"82,086",   -   , Monthly ,299,60,7.65%
72350,230345,Owner,P&I,"67,000",GBP,240,27/06/1999,26/06/2019,Variable,Variable,LIBOR3,7.36%,2.80%,0.52%,3.32%,n/a,"33,008",   -   ,"33,008",   -   , Monthly ,239,60,10.16%
72355,230345,BTL,IO,"93,000",GBP,180,12/08/1999,11/08/2014,Variable,Variable,LIBOR3,5.62%,2.40%,0.52%,2.92%,n/a,"93,000",   -   ,"93,000",   -   , Quarterly ,179,60,8.02%
72360,215865,BTL,IO,"77,000",GBP,180,01/04/2010,31/03/2025,Variable,Variable,LIBOR3,0.54%,1.60%,0.52%,2.12%,n/a,"77,000",   -   ,"77,000",   -   , Quarterly ,179,60,2.14%
72365,230585,Owner,P&I,"49,000",GBP,180,18/10/2006,17/10/2021,Variable,Variable,BoE Base,4.84%,3.80%,0.50%,4.30%,n/a,"32,963",   -   ,"32,963",   -   , Monthly ,179,60,8.64%
72370,230705,Owner,IO,"71,000",GBP,300,13/07/1997,12/07/2022,Variable,Variable,BoE Base,7.07%,1.90%,0.50%,2.40%,n/a,"71,000",   -   ,"71,000",   -   , Quarterly ,299,60,8.97%
72375,230705,BTL,IO,"74,000",GBP,240,19/01/2000,18/01/2020,Variable,Variable,LIBOR6,5.62%,4.60%,0.63%,5.23%,n/a,"74,000",   -   ,"74,000",   -   , Monthly ,239,60,10.22%
72380,230830,Owner,P&I,"64,000",GBP,180,25/05/2001,24/05/2016,Fixed,Variable,LIBOR6,5.38%,2.40%,0.63%,3.03%,25/05/2006,"16,411",   -   ,"16,411",   -   , Monthly ,179,60,7.78%
72385,201675,BTL,IO,"59,000",GBP,180,12/03/2000,11/03/2015,Fixed,Variable,LIBOR6,5.62%,2.50%,0.63%,3.13%,12/03/2003,"59,000",   -   ,"59,000",   -   , Monthly ,179,60,8.12%
72390,230830,BTL,IO,"59,000",GBP,300,27/03/2009,26/03/2034,Variable,Variable,LIBOR3,1.13%,2.70%,0.52%,3.22%,n/a,"59,000",   -   ,"59,000",   -   , Monthly ,299,60,3.83%
72395,231035,Owner,IO,"55,000",GBP,240,22/06/2012,21/06/2032,Fixed,Fixed,BoE Base,0.55%,1.80%,0.55%,2.35%,22/06/2017,"55,000",   -   ,"55,000",   -   , Quarterly ,239,60,2.35%
72400,231035,BTL,IO,"37,000",GBP,180,06/08/2011,05/08/2026,Variable,Variable,LIBOR6,0.57%,3.90%,0.63%,4.53%,n/a,"37,000",   -   ,"37,000",   -   , Monthly ,179,60,4.47%
72405,231780,Owner,IO,"65,000",GBP,300,09/07/2006,08/07/2031,Fixed,Variable,LIBOR3,4.62%,1.50%,0.52%,2.02%,09/07/2011,"65,000",   -   ,"65,000",   -   , Monthly ,299,60,6.12%
72410,231895,Owner,IO,"42,000",GBP,180,22/10/2001,21/10/2016,Tracker,Variable,BoE Base,4.97%,2.00%,0.50%,2.50%,22/10/2006,"42,000",   -   ,"42,000",   -   , Quarterly ,179,60,6.97%
72415,231780,BTL,IO,"99,000",GBP,240,23/09/2008,22/09/2028,Fixed,Variable,LIBOR3,5.05%,4.10%,0.52%,4.62%,23/09/2013,"99,000",   -   ,"99,000",   -   , Monthly ,239,60,9.15%
72420,220360,BTL,IO,"24,000",GBP,240,26/11/2001,25/11/2021,Tracker,Tracker,BoE Base,4.67%,4.50%,0.50%,5.00%,n/a,"24,000",   -   ,"24,000",   -   , Quarterly ,239,60,9.17%
72425,231895,BTL,IO,"79,000",GBP,240,01/03/2011,28/02/2031,Variable,Variable,LIBOR6,0.56%,3.30%,0.63%,3.93%,n/a,"79,000",   -   ,"79,000",   -   , Monthly ,239,60,3.86%
72430,231895,BTL,IO,"47,000",GBP,300,31/07/1999,30/07/2024,Tracker,Tracker,BoE Base,5.62%,3.20%,0.50%,3.70%,n/a,"47,000",   -   ,"47,000",   -   , Monthly ,299,60,8.82%
72435,232430,BTL,IO,"43,000",GBP,300,31/01/2011,30/01/2036,Tracker,Tracker,BoE Base,0.56%,4.60%,0.50%,5.10%,31/01/2016,"43,000",   -   ,"43,000",   -   , Quarterly ,299,60,5.16%
72440,221625,BTL,IO,"50,000",GBP,300,17/10/2011,16/10/2036,Tracker,Tracker,BoE Base,0.58%,4.50%,0.50%,5.00%,17/10/2016,"50,000",   -   ,"50,000",   -   , Monthly ,299,60,5.08%
72445,232265,Owner,P&I,"43,000",GBP,180,10/07/2008,09/07/2023,Fixed,Variable,BoE Base,5.09%,2.60%,0.50%,3.10%,10/07/2013,"43,381",   -   ,"43,381",   -   , Monthly ,179,60,7.69%
72450,232655,BTL,IO,"37,000",GBP,180,09/09/1999,08/09/2014,Tracker,Tracker,BoE Base,5.62%,5.00%,0.50%,5.50%,n/a,"37,000",   -   ,"37,000",   -   , Monthly ,179,60,10.62%
72455,232755,Owner,P&I,"73,000",GBP,240,05/07/2006,04/07/2026,Fixed,Variable,LIBOR3,4.62%,3.30%,0.52%,3.82%,05/07/2011,"72,633",   -   ,"72,633",   -   , Quarterly ,239,60,7.92%
72460,232755,BTL,IO,"62,000",GBP,180,22/12/2011,21/12/2026,Variable,Variable,LIBOR6,0.58%,3.80%,0.63%,4.43%,n/a,"62,000",   -   ,"62,000",   -   , Monthly ,179,60,4.38%
72465,232975,Owner,P&I,"38,000",GBP,300,16/02/2003,15/02/2028,Fixed,Variable,BoE Base,3.80%,1.50%,0.50%,2.00%,16/02/2008,"38,176",   -   ,"38,176",   -   , Monthly ,299,60,5.30%
72470,232980,Owner,P&I,"71,000",GBP,240,14/10/2009,13/10/2029,Fixed,Fixed,LIBOR3,0.50%,2.90%,0.50%,3.40%,14/10/2014,"59,856",   -   ,"59,856",   -   , Monthly ,239,60,3.40%
72475,233575,Owner,IO,"55,000",GBP,180,13/01/2008,12/01/2023,Variable,Variable,BoE Base,5.66%,4.40%,0.50%,4.90%,n/a,"55,000",   -   ,"55,000",   -   , Monthly ,179,60,10.06%
72480,232980,BTL,IO,"69,000",GBP,300,12/04/2010,11/04/2035,Fixed,Fixed,LIBOR3,0.54%,3.10%,0.54%,3.64%,12/04/2015,"69,000",   -   ,"69,000",   -   , Monthly ,299,60,3.64%
72485,233575,BTL,IO,"87,000",GBP,240,06/10/1999,05/10/2019,Fixed,Variable,LIBOR6,5.62%,2.60%,0.63%,3.23%,06/10/2004,"87,000",   -   ,"87,000",   -   , Monthly ,239,60,8.22%
72490,233585,Owner,IO,"66,000",GBP,300,01/10/1998,30/09/2023,Tracker,Tracker,BoE Base,7.36%,1.70%,0.50%,2.20%,n/a,"66,000",   -   ,"66,000",   -   , Quarterly ,299,60,9.06%
72495,232980,BTL,IO,"41,000",GBP,180,08/02/2000,07/02/2015,Variable,Variable,LIBOR3,5.62%,1.90%,0.52%,2.42%,n/a,"41,000",   -   ,"41,000",   -   , Quarterly ,179,60,7.52%
72500,233700,Owner,P&I,"67,000",GBP,240,18/12/2007,17/12/2027,Tracker,Tracker,BoE Base,5.84%,2.40%,0.50%,2.90%,n/a,"66,931",   -   ,"66,931",   -   , Monthly ,239,60,8.24%
72505,233845,Owner,IO,"50,000",GBP,180,07/05/2003,06/05/2018,Fixed,Variable,LIBOR3,3.66%,3.80%,0.52%,4.32%,07/05/2008,"50,000",   -   ,"50,000",   -   , Monthly ,179,60,7.46%
72510,233845,BTL,IO,"74,000",GBP,300,28/07/2005,27/07/2030,Tracker,Tracker,BoE Base,4.84%,3.60%,0.50%,4.10%,n/a,"74,000",   -   ,"74,000",   -   , Monthly ,299,60,8.44%
72515,234260,Owner,P&I,"62,000",GBP,240,14/03/2006,13/03/2026,Tracker,Tracker,BoE Base,4.47%,4.60%,0.50%,5.10%,n/a,"49,261",   -   ,"49,261",   -   , Quarterly ,239,60,9.07%
72520,234330,Owner,P&I,"109,000",GBP,300,02/06/2005,01/06/2030,Tracker,Variable,BoE Base,4.76%,4.40%,0.50%,4.90%,02/06/2010,"109,073",   -   ,"109,073",   -   , Monthly ,299,60,9.16%
72525,213125,Owner,P&I,"9,000",GBP,180,19/05/2000,18/05/2015,Tracker,Variable,BoE Base,5.62%,2.50%,0.50%,3.00%,19/05/2005,"8,924",   -   ,"8,924",   -   , Monthly ,179,60,8.12%
72530,213125,BTL,IO,"11,000",GBP,240,03/02/1998,02/02/2018,Variable,Variable,LIBOR6,7.07%,4.10%,0.63%,4.73%,n/a,"11,000",   -   ,"11,000",   -   , Quarterly ,239,60,11.17%
72535,234625,Owner,P&I,"62,000",GBP,240,27/08/2008,26/08/2028,Fixed,Variable,BoE Base,5.07%,4.30%,0.50%,4.80%,27/08/2013,"61,973",   -   ,"61,973",   -   , Monthly ,239,60,9.37%
72540,234625,BTL,IO,"45,000",GBP,180,22/04/2005,21/04/2020,Variable,Variable,LIBOR3,4.81%,4.40%,0.52%,4.92%,n/a,"45,000",   -   ,"45,000",   -   , Quarterly ,179,60,9.21%
72545,226575,BTL,IO,"103,000",GBP,240,18/05/2008,17/05/2028,Tracker,Variable,BoE Base,5.15%,3.60%,0.50%,4.10%,18/05/2013,"103,000",   -   ,"103,000",   -   , Monthly ,239,60,8.75%
72550,201835,Owner,IO,"25,000",GBP,180,21/08/2008,20/08/2023,Tracker,Tracker,BoE Base,5.07%,2.50%,0.50%,3.00%,n/a,"25,000",   -   ,"25,000",   -   , Quarterly ,179,60,7.57%
72555,235005,Owner,P&I,"63,000",GBP,300,20/04/2006,19/04/2031,Variable,Variable,LIBOR3,4.59%,2.40%,0.52%,2.92%,n/a,"53,140",   -   ,"53,140",   -   , Monthly ,299,60,6.99%
72560,220475,BTL,IO,"43,000",GBP,240,10/02/2008,09/02/2028,Fixed,Variable,LIBOR6,5.55%,2.70%,0.63%,3.33%,10/02/2013,"43,000",   -   ,"43,000",   -   , Monthly ,239,60,8.25%
72565,235005,BTL,IO,"102,000",GBP,240,25/10/2004,24/10/2024,Tracker,Tracker,BoE Base,4.81%,1.50%,0.50%,2.00%,n/a,"102,000",   -   ,"102,000",   -   , Monthly ,239,60,6.31%
72570,235215,Owner,P&I,"93,000",GBP,180,15/04/2013,14/04/2028,Fixed,Fixed,LIBOR6,0.48%,4.00%,0.48%,4.48%,15/04/2018,"89,682",   -   ,"89,682",   -   , Monthly ,179,60,4.48%
72575,235250,Owner,P&I,"37,000",GBP,240,18/11/2013,17/11/2033,Fixed,Fixed,LIBOR6,0.47%,3.40%,0.47%,3.87%,18/11/2018,"37,184",   -   ,"37,184",   -   , Monthly ,239,60,3.87%
72580,235250,BTL,IO,"64,000",GBP,180,09/11/2007,08/11/2022,Tracker,Tracker,BoE Base,5.83%,1.90%,0.50%,2.40%,n/a,"64,000",   -   ,"64,000",   -   , Monthly ,179,60,7.73%
72585,235305,Owner,IO,"136,000",GBP,300,19/06/2013,18/06/2038,Fixed,Fixed,LIBOR3,0.48%,3.00%,0.48%,3.48%,19/06/2018,"136,000",   -   ,"136,000",   -   , Monthly ,299,60,3.48%
72590,212695,Owner,IO,"78,000",GBP,240,12/01/2011,11/01/2031,Tracker,Tracker,BoE Base,0.56%,1.90%,0.50%,2.40%,12/01/2016,"78,000",   -   ,"78,000",   -   , Monthly ,239,60,2.46%
72595,235495,Owner,P&I,"56,000",GBP,180,15/02/2002,14/02/2017,Variable,Variable,LIBOR3,3.80%,2.90%,0.52%,3.42%,n/a,"16,636",   -   ,"16,636",   -   , Monthly ,179,60,6.70%
72600,235495,BTL,IO,"24,000",GBP,240,12/08/2003,11/08/2023,Fixed,Variable,LIBOR6,3.38%,3.90%,0.63%,4.53%,12/08/2008,"24,000",   -   ,"24,000",   -   , Quarterly ,239,60,7.28%
72605,235865,Owner,P&I,"47,000",GBP,300,14/10/2012,13/10/2037,Fixed,Fixed,BoE Base,0.50%,2.70%,0.50%,3.20%,14/10/2017,"45,516",   -   ,"45,516",   -   , Monthly ,299,60,3.20%
72610,235920,Owner,IO,"83,000",GBP,240,09/07/2002,08/07/2022,Variable,Variable,LIBOR6,3.56%,4.60%,0.63%,5.23%,n/a,"83,000",   -   ,"83,000",   -   , Monthly ,239,60,8.16%
72615,235920,BTL,IO,"62,000",GBP,180,17/06/2009,16/06/2024,Fixed,Fixed,LIBOR6,0.55%,4.60%,0.55%,5.15%,17/06/2014,"62,000",   -   ,"62,000",   -   , Quarterly ,179,60,5.15%
72620,236150,Owner,IO,"36,000",GBP,300,18/06/2003,17/06/2028,Tracker,Tracker,BoE Base,3.72%,4.40%,0.50%,4.90%,n/a,"36,000",   -   ,"36,000",   -   , Monthly ,299,60,8.12%
72625,236150,BTL,IO,"46,000",GBP,240,05/06/2001,04/06/2021,Tracker,Tracker,BoE Base,5.56%,4.00%,0.50%,4.50%,n/a,"46,000",   -   ,"46,000",   -   , Monthly ,239,60,9.56%
72630,236350,Owner,IO,"27,000",GBP,300,23/12/2008,22/12/2033,Tracker,Tracker,BoE Base,3.30%,4.50%,0.50%,5.00%,n/a,"27,000",   -   ,"27,000",   -   , Quarterly ,299,60,7.80%
72635,236150,BTL,IO,"27,000",GBP,180,24/10/2004,23/10/2019,Fixed,Variable,LIBOR3,4.81%,2.20%,0.52%,2.72%,24/10/2009,"27,000",   -   ,"27,000",   -   , Monthly ,179,60,7.01%
72640,229280,BTL,IO,"12,000",GBP,180,30/04/1999,29/04/2014,Variable,Variable,LIBOR6,7.36%,3.60%,0.63%,4.23%,n/a,"12,000",   -   ,"12,000",   -   , Quarterly ,179,60,10.96%
72645,236775,Owner,IO,"30,000",GBP,300,21/07/2003,20/07/2028,Variable,Variable,LIBOR3,3.69%,2.70%,0.52%,3.22%,n/a,"30,000",   -   ,"30,000",   -   , Monthly ,299,60,6.39%
72650,220325,Owner,P&I,"15,000",GBP,240,08/10/1999,07/10/2019,Tracker,Tracker,BoE Base,5.62%,4.90%,0.50%,5.40%,n/a,"14,874",   -   ,"14,874",   -   , Monthly ,239,60,10.52%
72655,220325,BTL,IO,"15,000",GBP,300,05/02/2009,04/02/2034,Variable,Variable,LIBOR6,1.63%,1.50%,0.63%,2.13%,n/a,"15,000",   -   ,"15,000",   -   , Quarterly ,299,60,3.13%
72660,236580,Owner,P&I,"124,000",GBP,180,30/06/2005,29/06/2020,Fixed,Variable,LIBOR3,4.84%,3.10%,0.52%,3.62%,30/06/2010,"71,954",   -   ,"71,954",   -   , Monthly ,179,60,7.94%
72665,236865,Owner,IO,"12,000",GBP,180,06/11/1999,05/11/2014,Fixed,Variable,BoE Base,5.62%,3.80%,0.50%,4.30%,06/11/2002,"12,000",   -   ,"12,000",   -   , Monthly ,179,60,9.42%
72670,236775,BTL,IO,"50,000",GBP,240,11/05/2000,10/05/2020,Tracker,Variable,BoE Base,5.62%,4.20%,0.50%,4.70%,11/05/2005,"50,000",   -   ,"50,000",   -   , Quarterly ,239,60,9.82%
72675,236865,BTL,IO,"50,000",GBP,300,07/01/2007,06/01/2032,Tracker,Variable,BoE Base,5.13%,2.40%,0.50%,2.90%,07/01/2012,"50,000",   -   ,"50,000",   -   , Monthly ,299,60,7.53%
72680,236350,BTL,IO,"35,000",GBP,240,23/02/2012,22/02/2032,Tracker,Tracker,BoE Base,0.58%,3.30%,0.50%,3.80%,23/02/2017,"35,000",   -   ,"35,000",   -   , Monthly ,239,60,3.88%
72685,229000,Owner,IO,"50,000",GBP,240,23/09/2008,22/09/2028,Variable,Variable,LIBOR6,5.05%,3.90%,0.63%,4.53%,n/a,"50,000",   -   ,"50,000",   -   , Monthly ,239,60,8.95%
72690,230585,BTL,IO,"67,000",GBP,240,28/10/2001,27/10/2021,Fixed,Variable,BoE Base,4.97%,1.70%,0.50%,2.20%,28/10/2006,"67,000",   -   ,"67,000",   -   , Monthly ,239,60,6.67%
72695,237230,BTL,IO,"45,000",GBP,240,04/12/2013,03/12/2033,Fixed,Fixed,BoE Base,0.47%,4.60%,0.47%,5.07%,04/12/2018,"45,000",   -   ,"45,000",   -   , Monthly ,239,60,5.07%
72700,237550,Owner,IO,"93,000",GBP,180,15/03/2008,14/03/2023,Variable,Variable,LIBOR3,5.37%,2.20%,0.52%,2.72%,n/a,"93,000",   -   ,"93,000",   -   , Monthly ,179,60,7.57%
72705,237665,BTL,IO,"33,000",GBP,300,12/08/2003,11/08/2028,Tracker,Variable,BoE Base,3.38%,1.80%,0.50%,2.30%,12/08/2008,"33,000",   -   ,"33,000",   -   , Monthly ,299,60,5.18%
72710,237645,BTL,IO,"58,000",GBP,180,29/02/2004,28/02/2019,Variable,Variable,LIBOR6,4.19%,4.70%,0.63%,5.33%,n/a,"58,000",   -   ,"58,000",   -   , Monthly ,179,60,8.89%
72715,216380,BTL,IO,"25,000",GBP,180,24/01/2013,31/01/2028,Variable,Variable,BoE Base,0.46%,1.80%,0.50%,2.30%,n/a,"25,000",   -   ,"25,000",   -   , Monthly ,180,60,2.26%
72720,216380,BTL,IO,"17,000",GBP,240,25/12/2000,24/12/2020,Fixed,Variable,LIBOR6,6.31%,3.00%,0.63%,3.63%,25/12/2005,"17,000",   -   ,"17,000",   -   , Monthly ,239,60,9.31%
72725,237825,Owner,P&I,"45,000",GBP,300,08/05/2005,07/05/2030,Variable,Variable,LIBOR3,4.88%,3.00%,0.52%,3.52%,n/a,"44,770",   -   ,"44,770",   -   , Quarterly ,299,60,7.88%
72730,237825,BTL,IO,"19,000",GBP,180,15/05/2013,14/05/2028,Tracker,Tracker,BoE Base,0.48%,3.70%,0.50%,4.20%,15/05/2018,"19,000",   -   ,"19,000",   -   , Monthly ,179,60,4.18%
72735,237895,BTL,IO,"30,000",GBP,300,10/11/2007,09/11/2032,Fixed,Variable,LIBOR3,5.83%,1.80%,0.52%,2.32%,10/11/2012,"30,000",   -   ,"30,000",   -   , Monthly ,299,60,7.63%
72740,237960,BTL,IO,"49,000",GBP,180,19/12/1999,18/12/2014,Tracker,Variable,BoE Base,5.62%,4.40%,0.50%,4.90%,19/12/2004,"49,000",   -   ,"49,000",   -   , Monthly ,179,60,10.02%
72745,237960,BTL,IO,"5,000",GBP,240,29/04/2010,28/04/2030,Variable,Variable,LIBOR6,0.54%,3.70%,0.63%,4.33%,n/a,"5,000",   -   ,"5,000",   -   , Quarterly ,239,60,4.24%
72750,238015,Owner,IO,"73,000",GBP,180,03/04/2006,02/04/2021,Tracker,Tracker,BoE Base,4.59%,2.80%,0.50%,3.30%,n/a,"73,000",   -   ,"73,000",   -   , Quarterly ,179,60,7.39%
72755,220360,BTL,IO,"25,000",GBP,300,11/11/1999,10/11/2024,Tracker,Variable,BoE Base,5.62%,2.10%,0.50%,2.60%,11/11/2004,"25,000",   -   ,"25,000",   -   , Monthly ,299,60,7.72%
72760,238270,Owner,P&I,"94,000",GBP,180,23/08/1999,22/08/2014,Variable,Variable,BoE Base,5.62%,1.50%,0.50%,2.00%,n/a,"94,200",   -   ,"94,200",   -   , Monthly ,179,60,7.12%
72765,238360,BTL,IO,"57,000",GBP,300,12/12/2003,11/12/2028,Fixed,Variable,BoE Base,3.58%,4.50%,0.50%,5.00%,12/12/2008,"57,000",   -   ,"57,000",   -   , Monthly ,299,60,8.08%
72770,238455,Owner,IO,"50,000",GBP,180,28/06/2004,27/06/2019,Fixed,Variable,LIBOR3,4.26%,3.60%,0.52%,4.12%,28/06/2009,"50,000",   -   ,"50,000",   -   , Monthly ,179,60,7.86%
72775,238600,BTL,IO,"69,000",GBP,300,16/07/2011,15/07/2036,Tracker,Tracker,BoE Base,0.57%,3.90%,0.50%,4.40%,n/a,"69,000",   -   ,"69,000",   -   , Monthly ,299,60,4.47%
72780,235215,BTL,IO,"77,000",GBP,300,26/05/2010,25/05/2035,Tracker,Tracker,BoE Base,0.54%,4.20%,0.50%,4.70%,n/a,"77,000",   -   ,"77,000",   -   , Quarterly ,299,60,4.74%
72785,238735,BTL,IO,"136,000",GBP,240,20/10/2009,19/10/2029,Variable,Variable,LIBOR6,0.50%,5.00%,0.63%,5.63%,n/a,"136,000","156,232","156,232",423, Monthly ,239,60,5.50%
72790,238735,BTL,IO,"53,000",GBP,180,23/09/2001,22/09/2016,Tracker,Tracker,BoE Base,4.82%,2.50%,0.50%,3.00%,n/a,"53,000",   -   ,"53,000",   -   , Monthly ,179,60,7.32%
72795,213685,Owner,P&I,"80,000",GBP,300,16/11/2006,15/11/2031,Fixed,Variable,BoE Base,4.87%,4.80%,0.50%,5.30%,16/11/2011,"71,969",   -   ,"71,969",   -   , Monthly ,299,60,9.67%
72800,213685,BTL,IO,"9,000",GBP,180,31/07/2012,30/07/2027,Fixed,Fixed,LIBOR6,0.53%,1.80%,0.53%,2.33%,31/07/2017,"9,000",   -   ,"9,000",   -   , Quarterly ,179,60,2.33%
72805,238825,BTL,IO,"45,000",GBP,300,27/01/2006,26/01/2031,Variable,Variable,LIBOR3,4.71%,1.50%,0.52%,2.02%,n/a,"45,000",   -   ,"45,000",   -   , Monthly ,299,60,6.21%
72810,238900,Owner,P&I,"90,000",GBP,180,26/10/2006,25/10/2021,Tracker,Variable,BoE Base,4.84%,1.90%,0.50%,2.40%,26/10/2011,"90,481",   -   ,"90,481",   -   , Monthly ,179,60,6.74%
72815,239055,BTL,IO,"40,000",GBP,300,03/07/2011,02/07/2036,Tracker,Tracker,BoE Base,0.57%,2.40%,0.50%,2.90%,03/07/2016,"40,000",   -   ,"40,000",   -   , Monthly ,299,60,2.97%
72820,239170,Owner,P&I,"31,000",GBP,240,06/12/2009,05/12/2029,Fixed,Fixed,LIBOR6,0.50%,2.80%,0.50%,3.30%,06/12/2014,"25,901",   -   ,"25,901",   -   , Monthly ,239,60,3.30%
72825,239200,BTL,IO,"57,000",GBP,300,19/01/2012,18/01/2037,Fixed,Fixed,LIBOR3,0.58%,4.40%,0.58%,4.98%,19/01/2017,"57,000",   -   ,"57,000",   -   , Quarterly ,299,60,4.98%
72830,239360,Owner,IO,"50,000",GBP,240,28/11/1997,27/11/2017,Tracker,Variable,BoE Base,7.07%,4.30%,0.50%,4.80%,28/11/2002,"50,000",   -   ,"50,000",   -   , Quarterly ,239,60,11.37%
72835,239390,BTL,IO,"100,000",GBP,300,09/12/2009,08/12/2034,Tracker,Tracker,BoE Base,0.50%,2.10%,0.50%,2.60%,09/12/2014,"100,000",   -   ,"100,000",   -   , Monthly ,299,60,2.60%
72840,239965,Owner,P&I,"112,000",GBP,240,21/08/2001,20/08/2021,Variable,Variable,LIBOR6,5.34%,4.80%,0.63%,5.43%,n/a,"111,552",   -   ,"111,552",   -   , Monthly ,239,60,10.14%
72845,239360,BTL,IO,"52,000",GBP,180,12/02/2004,11/02/2019,Variable,Variable,LIBOR6,3.81%,4.70%,0.63%,5.33%,n/a,"52,000",   -   ,"52,000",   -   , Monthly ,179,60,8.51%
72850,240250,BTL,IO,"69,000",GBP,300,23/01/2009,22/01/2034,Tracker,Tracker,BoE Base,2.15%,1.50%,0.50%,2.00%,23/01/2014,"69,000",   -   ,"69,000",   -   , Monthly ,299,60,3.65%
72855,240515,Owner,P&I,"80,000",GBP,180,05/01/2000,04/01/2015,Variable,Variable,LIBOR3,5.62%,2.20%,0.52%,2.72%,n/a,"9,315",   -   ,"9,315",   -   , Quarterly ,179,60,7.82%
72860,237820,Owner,P&I,"50,000",GBP,240,28/07/2003,27/07/2023,Variable,Variable,BoE Base,3.69%,4.80%,0.50%,5.30%,n/a,"33,709",   -   ,"33,709",   -   , Monthly ,239,60,8.49%
72865,240565,BTL,IO,"51,000",GBP,240,12/06/2012,11/06/2032,Fixed,Fixed,LIBOR6,0.55%,1.50%,0.55%,2.05%,12/06/2017,"51,000",   -   ,"51,000",   -   , Monthly ,239,60,2.05%
72870,237820,BTL,IO,"50,000",GBP,300,21/10/1997,20/10/2022,Tracker,Variable,BoE Base,7.07%,3.10%,0.50%,3.60%,21/10/2002,"50,000",   -   ,"50,000",   -   , Monthly ,299,60,10.17%
72875,240675,BTL,IO,"87,000",GBP,300,11/12/2002,10/12/2027,Variable,Variable,LIBOR3,3.63%,3.90%,0.52%,4.42%,n/a,"87,000",   -   ,"87,000",   -   , Monthly ,299,60,7.53%
72880,240775,Owner,P&I,"33,000",GBP,180,19/01/2001,18/01/2016,Fixed,Variable,LIBOR6,6.31%,3.60%,0.63%,4.23%,19/01/2006,"33,466",   -   ,"33,466",   -   , Monthly ,179,60,9.91%
72885,240775,BTL,IO,"3,000",GBP,240,04/10/2009,03/10/2029,Tracker,Tracker,BoE Base,0.50%,4.70%,0.50%,5.20%,04/10/2014,"3,000",   -   ,"3,000",   -   , Quarterly ,239,60,5.20%
72890,240800,Owner,P&I,"69,000",GBP,300,14/12/2003,13/12/2028,Variable,Variable,LIBOR3,3.58%,1.50%,0.52%,2.02%,n/a,"51,228",   -   ,"51,228",   -   , Monthly ,299,60,5.08%
72895,240800,BTL,IO,"39,000",GBP,240,12/05/2004,11/05/2024,Tracker,Variable,BoE Base,3.97%,4.60%,0.50%,5.10%,12/05/2009,"39,000",   -   ,"39,000",   -   , Monthly ,239,60,8.57%
72900,241070,BTL,IO,"78,000",GBP,300,09/09/2011,08/09/2036,Tracker,Tracker,BoE Base,0.58%,2.50%,0.50%,3.00%,09/09/2016,"78,000",   -   ,"78,000",   -   , Monthly ,299,60,3.08%
72905,241410,BTL,IO,"90,000",GBP,240,09/05/2011,08/05/2031,Tracker,Tracker,BoE Base,0.57%,2.20%,0.50%,2.70%,09/05/2016,"90,000",   -   ,"90,000",   -   , Monthly ,239,60,2.77%
72910,241615,BTL,IO,"112,000",GBP,180,23/02/2003,22/02/2018,Tracker,Tracker,BoE Base,3.80%,3.10%,0.50%,3.60%,n/a,"112,000",   -   ,"112,000",   -   , Monthly ,179,60,6.90%
72915,240085,Owner,P&I,"113,000",GBP,300,21/11/2001,20/11/2026,Tracker,Tracker,BoE Base,4.67%,2.90%,0.50%,3.40%,n/a,"83,040",   -   ,"83,040",   -   , Monthly ,299,60,7.57%
72920,241705,Owner,IO,"75,000",GBP,300,24/09/2009,23/09/2034,Variable,Variable,LIBOR6,0.53%,4.10%,0.63%,4.73%,n/a,"75,000",   -   ,"75,000",   -   , Monthly ,299,60,4.63%
72925,241710,Owner,IO,"30,000",GBP,180,29/07/2013,28/07/2028,Variable,Variable,LIBOR3,0.48%,5.00%,0.52%,5.52%,n/a,"30,000","32,122","32,122",293, Quarterly ,179,60,5.48%
72930,241710,BTL,IO,"37,000",GBP,240,12/08/2010,11/08/2030,Variable,Variable,LIBOR3,0.55%,2.90%,0.52%,3.42%,n/a,"37,000",   -   ,"37,000",   -   , Monthly ,239,60,3.45%
72935,241735,Owner,IO,"89,000",GBP,180,10/12/1999,09/12/2014,Fixed,Variable,LIBOR6,5.62%,2.90%,0.63%,3.53%,10/12/2002,"89,000",   -   ,"89,000",   -   , Monthly ,179,60,8.52%
72940,241735,BTL,IO,"51,000",GBP,240,14/10/2001,13/10/2021,Variable,Variable,LIBOR6,4.97%,3.70%,0.63%,4.33%,n/a,"51,000",   -   ,"51,000",   -   , Monthly ,239,60,8.67%
72945,241710,BTL,IO,"12,000",GBP,300,15/10/2010,14/10/2035,Tracker,Tracker,BoE Base,0.55%,1.60%,0.50%,2.10%,15/10/2015,"12,000",   -   ,"12,000",   -   , Monthly ,299,60,2.15%
72950,242095,BTL,IO,"59,000",GBP,300,17/02/2000,16/02/2025,Variable,Variable,LIBOR6,5.62%,4.20%,0.63%,4.83%,n/a,"59,000",   -   ,"59,000",   -   , Monthly ,299,60,9.82%
72955,234270,Owner,P&I,"54,000",GBP,180,27/01/2002,26/01/2017,Fixed,Variable,LIBOR3,4.67%,2.10%,0.52%,2.62%,27/01/2007,"16,149",   -   ,"16,149",   -   , Monthly ,179,60,6.77%
72960,220360,BTL,IO,"4,000",GBP,180,16/02/2000,15/02/2015,Tracker,Variable,BoE Base,5.62%,3.30%,0.50%,3.80%,16/02/2003,"4,000",   -   ,"4,000",   -   , Monthly ,179,60,8.92%
72965,241385,Owner,IO,"145,000",GBP,300,25/05/2010,24/05/2035,Variable,Variable,LIBOR6,0.54%,2.50%,0.63%,3.13%,n/a,"145,000",   -   ,"145,000",   -   , Monthly ,299,60,3.04%
72970,211470,Owner,IO,"58,000",GBP,240,25/07/2010,24/07/2030,Tracker,Tracker,BoE Base,0.55%,2.90%,0.50%,3.40%,n/a,"58,000",   -   ,"58,000",   -   , Monthly ,239,60,3.45%
72975,211470,BTL,IO,"28,000",GBP,300,09/12/1999,08/12/2024,Variable,Variable,LIBOR6,5.62%,2.50%,0.63%,3.13%,n/a,"28,000",   -   ,"28,000",   -   , Quarterly ,299,60,8.12%
72980,242395,BTL,IO,"59,000",GBP,180,03/02/2005,02/02/2020,Variable,Variable,LIBOR3,4.79%,3.20%,0.52%,3.72%,n/a,"59,000",   -   ,"59,000",   -   , Monthly ,179,60,7.99%
72985,242430,Owner,P&I,"85,000",GBP,180,14/09/2000,13/09/2015,Variable,Variable,LIBOR6,6.31%,3.70%,0.63%,4.33%,n/a,"17,376",   -   ,"17,376",   -   , Quarterly ,179,60,10.01%
72990,242440,Owner,P&I,"71,000",GBP,300,19/06/2006,18/06/2031,Variable,Variable,BoE Base,4.56%,1.80%,0.50%,2.30%,n/a,"59,405",   -   ,"59,405",   -   , Monthly ,299,60,6.36%
72995,242465,BTL,IO,"43,000",GBP,180,12/11/1999,11/11/2014,Fixed,Variable,LIBOR6,5.62%,1.70%,0.63%,2.33%,12/11/2002,"43,000",   -   ,"43,000",   -   , Monthly ,179,60,7.32%
73000,242505,Owner,P&I,"143,000",GBP,180,13/07/2001,12/07/2016,Tracker,Variable,BoE Base,4.83%,3.60%,0.50%,4.10%,13/07/2006,"142,911",   -   ,"142,911",   -   , Monthly ,179,60,8.43%
73005,242505,BTL,IO,"87,000",GBP,240,23/03/2012,22/03/2032,Variable,Variable,LIBOR3,0.56%,4.20%,0.52%,4.72%,n/a,"87,000",   -   ,"87,000",   -   , Monthly ,239,60,4.76%
73010,242795,Owner,P&I,"68,000",GBP,180,08/08/2006,07/08/2021,Variable,Variable,LIBOR6,4.60%,2.40%,0.63%,3.03%,n/a,"43,272",   -   ,"43,272",   -   , Monthly ,179,60,7.00%
73015,242830,BTL,IO,"186,000",GBP,180,04/10/2006,03/10/2021,Tracker,Variable,BoE Base,4.84%,5.00%,0.50%,5.50%,04/10/2011,"186,000",   -   ,"186,000",   -   , Monthly ,179,60,9.84%
73020,242940,Owner,P&I,"45,000",GBP,180,19/04/2011,18/04/2026,Tracker,Tracker,BoE Base,0.56%,4.90%,0.50%,5.40%,n/a,"45,365",   -   ,"45,365",   -   , Monthly ,179,60,5.46%
73025,242980,Owner,P&I,"39,000",GBP,180,13/02/1999,12/02/2014,Variable,Variable,LIBOR3,7.36%,3.80%,0.52%,4.32%,n/a,875,   -   ,875,   -   , Quarterly ,179,60,11.16%
73030,242980,BTL,IO,"39,000",GBP,240,04/04/2013,03/04/2033,Variable,Variable,BoE Base,0.48%,2.00%,0.50%,2.50%,n/a,"39,000",   -   ,"39,000",   -   , Monthly ,239,60,2.48%
73035,242940,BTL,IO,"71,000",GBP,300,21/12/2006,20/12/2031,Variable,Variable,LIBOR3,5.04%,4.00%,0.52%,4.52%,n/a,"71,000",   -   ,"71,000",   -   , Monthly ,299,60,9.04%
73040,243165,BTL,IO,"55,000",GBP,300,03/06/2004,02/06/2029,Variable,Variable,LIBOR3,4.26%,5.00%,0.52%,5.52%,n/a,"55,000","57,121","57,121",274, Monthly ,299,60,9.26%
73045,243410,Owner,P&I,"113,000",GBP,180,21/06/2011,20/06/2026,Fixed,Fixed,LIBOR6,0.57%,4.30%,0.57%,4.87%,21/06/2016,"99,072",   -   ,"99,072",   -   , Monthly ,179,60,4.87%
73050,241735,BTL,IO,"37,000",GBP,300,17/03/2000,16/03/2025,Variable,Variable,LIBOR6,5.62%,3.40%,0.63%,4.03%,n/a,"37,000",   -   ,"37,000",   -   , Quarterly ,299,60,9.02%
73055,223805,BTL,IO,"15,000",GBP,300,14/11/2008,13/11/2033,Fixed,Variable,LIBOR3,5.06%,2.50%,0.52%,3.02%,14/11/2013,"15,000",   -   ,"15,000",   -   , Quarterly ,299,60,7.56%
73060,243445,Owner,IO,"60,000",GBP,300,05/11/2009,04/11/2034,Fixed,Fixed,LIBOR3,0.51%,2.80%,0.51%,3.31%,05/11/2014,"60,000",   -   ,"60,000",   -   , Monthly ,299,60,3.31%
73065,243525,BTL,IO,"41,000",GBP,180,21/04/2007,20/04/2022,Fixed,Variable,LIBOR3,5.35%,1.80%,0.52%,2.32%,21/04/2012,"41,000",   -   ,"41,000",   -   , Monthly ,179,60,7.15%
73070,243710,Owner,P&I,"91,000",GBP,240,11/03/2009,10/03/2029,Tracker,Tracker,BoE Base,1.13%,1.90%,0.50%,2.40%,11/03/2014,"73,877",   -   ,"73,877",   -   , Monthly ,239,60,3.03%
73075,243710,BTL,IO,"145,000",GBP,180,07/08/2012,06/08/2027,Variable,Variable,LIBOR3,0.53%,2.00%,0.52%,2.52%,n/a,"145,000",   -   ,"145,000",   -   , Quarterly ,179,60,2.53%
73080,243795,Owner,P&I,"58,000",GBP,240,18/12/2005,17/12/2025,Variable,Variable,LIBOR3,4.60%,3.80%,0.52%,4.32%,n/a,"45,107",   -   ,"45,107",   -   , Monthly ,239,60,8.40%
73085,243795,BTL,IO,"16,000",GBP,300,06/01/2004,05/01/2029,Tracker,Variable,BoE Base,3.85%,3.90%,0.50%,4.40%,06/01/2009,"16,000",   -   ,"16,000",   -   , Monthly ,299,60,7.75%
73090,243950,BTL,IO,"161,000",GBP,300,22/08/2012,21/08/2037,Fixed,Fixed,LIBOR3,0.53%,4.90%,0.53%,5.43%,22/08/2017,"161,000",   -   ,"161,000",   -   , Monthly ,299,60,5.43%
73095,239735,BTL,IO,"25,000",GBP,300,26/10/2005,25/10/2030,Variable,Variable,LIBOR6,4.62%,1.70%,0.63%,2.33%,n/a,"25,000",   -   ,"25,000",   -   , Monthly ,299,60,6.32%
73100,214095,BTL,IO,"84,000",GBP,300,28/08/2000,27/08/2025,Variable,Variable,LIBOR3,6.31%,3.10%,0.52%,3.62%,n/a,"84,000",   -   ,"84,000",   -   , Monthly ,299,60,9.41%
73105,222960,BTL,IO,"19,000",GBP,180,25/06/2004,24/06/2019,Fixed,Variable,BoE Base,4.26%,3.10%,0.50%,3.60%,25/06/2009,"19,000",   -   ,"19,000",   -   , Quarterly ,179,60,7.36%
73110,240360,Owner,IO,"65,000",GBP,240,12/05/2008,11/05/2028,Tracker,Variable,BoE Base,5.15%,4.20%,0.50%,4.70%,12/05/2013,"65,000","1,002","65,575",93, Monthly ,239,60,9.35%
73115,244595,Owner,IO,"52,000",GBP,240,24/01/2012,23/01/2032,Tracker,Tracker,BoE Base,0.58%,1.50%,0.50%,2.00%,24/01/2017,"52,000",   -   ,"52,000",   -   , Quarterly ,239,60,2.08%
73120,211470,BTL,IO,"15,000",GBP,180,16/10/2000,15/10/2015,Tracker,Variable,BoE Base,6.31%,2.90%,0.50%,3.40%,16/10/2005,"15,000",   -   ,"15,000",   -   , Monthly ,179,60,9.21%
73125,244710,BTL,IO,"27,000",GBP,240,18/01/2012,17/01/2032,Variable,Variable,BoE Base,0.58%,2.40%,0.50%,2.90%,n/a,"27,000",   -   ,"27,000",   -   , Monthly ,239,60,2.98%
73130,244830,Owner,P&I,"56,000",GBP,240,23/06/2003,22/06/2023,Tracker,Tracker,BoE Base,3.72%,4.20%,0.50%,4.70%,n/a,"55,776",   -   ,"55,776",   -   , Monthly ,239,60,7.92%
73135,244855,Owner,P&I,"40,000",GBP,180,02/11/2003,01/11/2018,Fixed,Variable,LIBOR3,3.42%,4.40%,0.52%,4.92%,02/11/2008,"18,226",   -   ,"18,226",   -   , Monthly ,179,60,7.82%
73140,244900,BTL,IO,"25,000",GBP,240,19/08/2009,18/08/2029,Fixed,Fixed,LIBOR6,0.55%,4.80%,0.55%,5.35%,19/08/2014,"25,000",   -   ,"25,000",   -   , Quarterly ,239,60,5.35%
73145,211550,BTL,IO,"39,000",GBP,240,08/06/2005,07/06/2025,Variable,Variable,LIBOR6,4.76%,4.30%,0.63%,4.93%,n/a,"39,000",   -   ,"39,000",   -   , Quarterly ,239,60,9.06%
73150,212710,BTL,IO,"27,000",GBP,300,10/12/2006,09/12/2031,Tracker,Tracker,BoE Base,5.04%,1.70%,0.50%,2.20%,n/a,"27,000",   -   ,"27,000",   -   , Monthly ,299,60,6.74%
73155,211550,BTL,IO,"32,000",GBP,300,24/02/1998,23/02/2023,Fixed,Variable,BoE Base,7.07%,2.20%,0.50%,2.70%,24/02/2003,"32,000",   -   ,"32,000",   -   , Monthly ,299,60,9.27%
73160,212560,Owner,IO,"62,000",GBP,240,04/12/2013,03/12/2033,Tracker,Tracker,BoE Base,0.47%,2.00%,0.50%,2.50%,04/12/2018,"62,000",   -   ,"62,000",   -   , Monthly ,239,60,2.47%